[2025-11-24 01:59:42] Extractor Started at 2025-11-24 01:59:42.407068
[2025-11-24 01:59:42] 
================================================================================
[2025-11-24 01:59:42] STARTING MALWAREBAZAAR API -> VIRUSTOTAL SCAN CYCLE
[2025-11-24 01:59:42] ================================================================================

[2025-11-24 01:59:42] Created Data/Sample/1_IOC/malware_hashes.txt
[2025-11-24 01:59:42] Created Data/Sample/1_IOC/malware_ioc.txt
[2025-11-24 01:59:42] Created Data/Sample/1_IOC/skip_fail_hashes.txt
[2025-11-24 01:59:42] 
================================================================================
[2025-11-24 01:59:42] STEP 1: Fetching Hashes from MalwareBazaar API
[2025-11-24 01:59:42] ================================================================================
[2025-11-24 01:59:42] Fetching recent malware samples from MalwareBazaar API (Last 24 Hours).
[2025-11-24 01:59:42] Querying MalwareBazaar API: recent_detections
[2025-11-24 01:59:44] Received 747 Samples from API
[2025-11-24 01:59:44] Extracted 747 Unique Hashes
[2025-11-24 01:59:44] Sample hashes: ['189e979611f57274', '9f49021aa2d4e7e6', '5897231203e84a7a']
[2025-11-24 01:59:44] 
================================================================================
[2025-11-24 01:59:44] STEP 1.5: Loading Past Report Hashes (SECTION 3)
[2025-11-24 01:59:44] ================================================================================
[2025-11-24 01:59:44] No previous scan report found!
[2025-11-24 01:59:44] Loaded 0 hashes from past reports!

[2025-11-24 01:59:44] 
================================================================================
[2025-11-24 01:59:44] STEP 2: Filtering Unsigned Malware
[2025-11-24 01:59:44] ================================================================================
[2025-11-24 01:59:44] Filtering 747 Hashes to Remove Signed Malware
[2025-11-24 01:59:44] Filtered: 747 unsigned hashes remaining
[2025-11-24 01:59:44]   Excluded: 0 signed samples
[2025-11-24 01:59:44] New Hashes from MalwareBazaar: 747
[2025-11-24 01:59:44] Hashes from Past Reports: 0
[2025-11-24 01:59:44] Combined Unique Hashes to Check: 747

[2025-11-24 01:59:44] Limited to first 100 hash(es) for processing.

[2025-11-24 01:59:44] ================================================================================
[2025-11-24 01:59:44] STEP 3-6: Checking VirusTotal for Each Hash (Batches of 10)
[2025-11-24 01:59:44] ================================================================================
[2025-11-24 01:59:44] 
--- Batch 1/10 (10 hashes) ---
[2025-11-24 01:59:44] 
[1/100] Checking: 8844a1dd4728ebfec6e107268e57ef28a1ca0dea117627b3043d7e5fab5a60e4
[2025-11-24 01:59:44]   checking VirusTotal for: 8844a1dd4728ebfec6e107268e57ef28a1ca0dea117627b3043d7e5fab5a60e4
[2025-11-24 01:59:46] WebDriver Created Successfully
[2025-11-24 01:59:46]   URL: https://www.virustotal.com/gui/search/8844a1dd4728ebfec6e107268e57ef28a1ca0dea117627b3043d7e5fab5a60e4
[2025-11-24 01:59:49]   waiting 10 seconds for page to load
[2025-11-24 02:00:00]   Found: 61/72 detections
[2025-11-24 02:00:00] DETECTED: 61/72
[2025-11-24 02:00:02] 
[2/100] Checking: 560a3e1264aa447a680ac2deb7b8e71e2ec8c45a1e710e4ad3838396d82942a5
[2025-11-24 02:00:02]   checking VirusTotal for: 560a3e1264aa447a680ac2deb7b8e71e2ec8c45a1e710e4ad3838396d82942a5
[2025-11-24 02:00:04] WebDriver Created Successfully
[2025-11-24 02:00:04]   URL: https://www.virustotal.com/gui/search/560a3e1264aa447a680ac2deb7b8e71e2ec8c45a1e710e4ad3838396d82942a5
[2025-11-24 02:00:14]   waiting 10 seconds for page to load
[2025-11-24 02:00:24]   Found: 31/62 detections
[2025-11-24 02:00:24] DETECTED: 31/62
[2025-11-24 02:00:26] 
[3/100] Checking: c6f07447abbd6b06f423472ee836618cfab0d38b2b8db658939ef5aff3b290e1
[2025-11-24 02:00:26]   checking VirusTotal for: c6f07447abbd6b06f423472ee836618cfab0d38b2b8db658939ef5aff3b290e1
[2025-11-24 02:00:29] WebDriver Created Successfully
[2025-11-24 02:00:29]   URL: https://www.virustotal.com/gui/search/c6f07447abbd6b06f423472ee836618cfab0d38b2b8db658939ef5aff3b290e1
[2025-11-24 02:00:33]   waiting 10 seconds for page to load
[2025-11-24 02:00:43]   Found: 61/72 detections
[2025-11-24 02:00:43] DETECTED: 61/72
[2025-11-24 02:00:45] 
[4/100] Checking: c28b49bb5673deb40c8225c66e84a88306f2fc7be4e207a7cb668522e659ad2e
[2025-11-24 02:00:45]   checking VirusTotal for: c28b49bb5673deb40c8225c66e84a88306f2fc7be4e207a7cb668522e659ad2e
[2025-11-24 02:00:48] WebDriver Created Successfully
[2025-11-24 02:00:48]   URL: https://www.virustotal.com/gui/search/c28b49bb5673deb40c8225c66e84a88306f2fc7be4e207a7cb668522e659ad2e
[2025-11-24 02:00:52]   waiting 10 seconds for page to load
[2025-11-24 02:01:02]   Found: 54/72 detections
[2025-11-24 02:01:02] DETECTED: 54/72
[2025-11-24 02:01:04] 
[5/100] Checking: 15196b1a08e4dfcad747eb56bcc7044104011277ce1c435a4bd1de5f48dd9b2d
[2025-11-24 02:01:04]   checking VirusTotal for: 15196b1a08e4dfcad747eb56bcc7044104011277ce1c435a4bd1de5f48dd9b2d
[2025-11-24 02:01:07] WebDriver Created Successfully
[2025-11-24 02:01:07]   URL: https://www.virustotal.com/gui/search/15196b1a08e4dfcad747eb56bcc7044104011277ce1c435a4bd1de5f48dd9b2d
[2025-11-24 02:01:11]   waiting 10 seconds for page to load
[2025-11-24 02:01:21]   Found: 66/71 detections
[2025-11-24 02:01:21] DETECTED: 66/71
[2025-11-24 02:01:23] 
[6/100] Checking: 42e4b4f9e119dff9be5cf64f1243b37d0e38832c7fbbeec01aed8f15a61d95a9
[2025-11-24 02:01:23]   checking VirusTotal for: 42e4b4f9e119dff9be5cf64f1243b37d0e38832c7fbbeec01aed8f15a61d95a9
[2025-11-24 02:01:26] WebDriver Created Successfully
[2025-11-24 02:01:26]   URL: https://www.virustotal.com/gui/search/42e4b4f9e119dff9be5cf64f1243b37d0e38832c7fbbeec01aed8f15a61d95a9
[2025-11-24 02:01:29]   waiting 10 seconds for page to load
[2025-11-24 02:01:40]   Found: 61/71 detections
[2025-11-24 02:01:40] DETECTED: 61/71
[2025-11-24 02:01:42] 
[7/100] Checking: 3156a9c4a5b3ec2b074d21be003eac19dcd8c1e15a7ed9592e219d36a971ca8f
[2025-11-24 02:01:42]   checking VirusTotal for: 3156a9c4a5b3ec2b074d21be003eac19dcd8c1e15a7ed9592e219d36a971ca8f
[2025-11-24 02:01:44] WebDriver Created Successfully
[2025-11-24 02:01:44]   URL: https://www.virustotal.com/gui/search/3156a9c4a5b3ec2b074d21be003eac19dcd8c1e15a7ed9592e219d36a971ca8f
[2025-11-24 02:01:48]   waiting 10 seconds for page to load
[2025-11-24 02:01:58]   Found: 51/72 detections
[2025-11-24 02:01:58] DETECTED: 51/72
[2025-11-24 02:02:00] 
[8/100] Checking: b0845a16016531e9d48453abb7e77fed004c9933b7ccc71dfa4999151c17c1a7
[2025-11-24 02:02:00]   checking VirusTotal for: b0845a16016531e9d48453abb7e77fed004c9933b7ccc71dfa4999151c17c1a7
[2025-11-24 02:02:03] WebDriver Created Successfully
[2025-11-24 02:02:03]   URL: https://www.virustotal.com/gui/search/b0845a16016531e9d48453abb7e77fed004c9933b7ccc71dfa4999151c17c1a7
[2025-11-24 02:02:07]   waiting 10 seconds for page to load
[2025-11-24 02:02:17]   Found: 46/72 detections
[2025-11-24 02:02:17] DETECTED: 46/72
[2025-11-24 02:02:19] 
[9/100] Checking: 4cced9b97754b924fe13183a07afb0fca7ba9ee3773ea1fccc6e00a29002e48f
[2025-11-24 02:02:19]   checking VirusTotal for: 4cced9b97754b924fe13183a07afb0fca7ba9ee3773ea1fccc6e00a29002e48f
[2025-11-24 02:02:22] WebDriver Created Successfully
[2025-11-24 02:02:22]   URL: https://www.virustotal.com/gui/search/4cced9b97754b924fe13183a07afb0fca7ba9ee3773ea1fccc6e00a29002e48f
[2025-11-24 02:02:25]   waiting 10 seconds for page to load
[2025-11-24 02:02:36]   Found: 41/63 detections
[2025-11-24 02:02:36] DETECTED: 41/63
[2025-11-24 02:02:38] 
[10/100] Checking: a4e7aa3d0d72de841937365ff961ac2b77f1c1c105959e6213c1b5d872803aae
[2025-11-24 02:02:38]   checking VirusTotal for: a4e7aa3d0d72de841937365ff961ac2b77f1c1c105959e6213c1b5d872803aae
[2025-11-24 02:02:40] WebDriver Created Successfully
[2025-11-24 02:02:40]   URL: https://www.virustotal.com/gui/search/a4e7aa3d0d72de841937365ff961ac2b77f1c1c105959e6213c1b5d872803aae
[2025-11-24 02:02:45]   waiting 10 seconds for page to load
[2025-11-24 02:02:55]   Found: 63/72 detections
[2025-11-24 02:02:55] DETECTED: 63/72
[2025-11-24 02:02:57] 
⏸ Completed Batch 1/10
[2025-11-24 02:02:57] ⏸ Waiting 5 Minutes Before Next Batch
[2025-11-24 02:02:57]   300 seconds remaining
[2025-11-24 02:03:57]   240 seconds remaining
[2025-11-24 02:04:57]   180 seconds remaining
[2025-11-24 02:05:57]   120 seconds remaining
[2025-11-24 02:06:57]   60 seconds remaining
[2025-11-24 02:07:58] 5 minutes elapsed, continuing

[2025-11-24 02:07:58] 
--- Batch 2/10 (10 hashes) ---
[2025-11-24 02:07:58] 
[11/100] Checking: 6b985b0df973f5b78bc62d7de3a83342b331b227b11404084c3373ba09901cee
[2025-11-24 02:07:58]   checking VirusTotal for: 6b985b0df973f5b78bc62d7de3a83342b331b227b11404084c3373ba09901cee
[2025-11-24 02:07:59] WebDriver Created Successfully
[2025-11-24 02:07:59]   URL: https://www.virustotal.com/gui/search/6b985b0df973f5b78bc62d7de3a83342b331b227b11404084c3373ba09901cee
[2025-11-24 02:08:03]   waiting 10 seconds for page to load
[2025-11-24 02:08:13]   Found: 64/72 detections
[2025-11-24 02:08:13] DETECTED: 64/72
[2025-11-24 02:08:15] 
[12/100] Checking: e6c563c09c5b0d3ece466e66741c73e24763c901a9511f2664128ba80ee653af
[2025-11-24 02:08:15]   checking VirusTotal for: e6c563c09c5b0d3ece466e66741c73e24763c901a9511f2664128ba80ee653af
[2025-11-24 02:08:17] WebDriver Created Successfully
[2025-11-24 02:08:17]   URL: https://www.virustotal.com/gui/search/e6c563c09c5b0d3ece466e66741c73e24763c901a9511f2664128ba80ee653af
[2025-11-24 02:08:20]   waiting 10 seconds for page to load
[2025-11-24 02:08:30]   Found: 23/62 detections
[2025-11-24 02:08:30] DETECTED: 23/62
[2025-11-24 02:08:32] 
[13/100] Checking: b0e077df03106690aa484542d7354696bbf9becd8c00c9e348a38a438012b740
[2025-11-24 02:08:32]   checking VirusTotal for: b0e077df03106690aa484542d7354696bbf9becd8c00c9e348a38a438012b740
[2025-11-24 02:08:34] WebDriver Created Successfully
[2025-11-24 02:08:34]   URL: https://www.virustotal.com/gui/search/b0e077df03106690aa484542d7354696bbf9becd8c00c9e348a38a438012b740
[2025-11-24 02:08:37]   waiting 10 seconds for page to load
[2025-11-24 02:08:47]   Found: 63/72 detections
[2025-11-24 02:08:47] DETECTED: 63/72
[2025-11-24 02:08:49] 
[14/100] Checking: 10fd0566842a37df4c8ba6444dbc8dacc08d43b26fead9e3719f57275db89662
[2025-11-24 02:08:49]   checking VirusTotal for: 10fd0566842a37df4c8ba6444dbc8dacc08d43b26fead9e3719f57275db89662
[2025-11-24 02:08:51] WebDriver Created Successfully
[2025-11-24 02:08:51]   URL: https://www.virustotal.com/gui/search/10fd0566842a37df4c8ba6444dbc8dacc08d43b26fead9e3719f57275db89662
[2025-11-24 02:08:54]   waiting 10 seconds for page to load
[2025-11-24 02:09:04]   Found: 55/72 detections
[2025-11-24 02:09:04] DETECTED: 55/72
[2025-11-24 02:09:06] 
[15/100] Checking: f632aa12864f28ee90ffdce9dbb4ca53c8edc714c0619370e97a3f5524e7047a
[2025-11-24 02:09:06]   checking VirusTotal for: f632aa12864f28ee90ffdce9dbb4ca53c8edc714c0619370e97a3f5524e7047a
[2025-11-24 02:09:08] WebDriver Created Successfully
[2025-11-24 02:09:08]   URL: https://www.virustotal.com/gui/search/f632aa12864f28ee90ffdce9dbb4ca53c8edc714c0619370e97a3f5524e7047a
[2025-11-24 02:09:12]   waiting 10 seconds for page to load
[2025-11-24 02:09:22]   Found: 55/71 detections
[2025-11-24 02:09:22] DETECTED: 55/71
[2025-11-24 02:09:24] 
[16/100] Checking: 3f5c1eedcdf3887b5b400a144d15e1da1d231b3cd270c5bcf661b375e4a857ab
[2025-11-24 02:09:24]   checking VirusTotal for: 3f5c1eedcdf3887b5b400a144d15e1da1d231b3cd270c5bcf661b375e4a857ab
[2025-11-24 02:09:26] WebDriver Created Successfully
[2025-11-24 02:09:26]   URL: https://www.virustotal.com/gui/search/3f5c1eedcdf3887b5b400a144d15e1da1d231b3cd270c5bcf661b375e4a857ab
[2025-11-24 02:09:29]   waiting 10 seconds for page to load
[2025-11-24 02:09:39]   Found: 59/72 detections
[2025-11-24 02:09:39] DETECTED: 59/72
[2025-11-24 02:09:41] 
[17/100] Checking: 38cf393ca0396bc471523b8b01860b63857b0f454643485511e637feb49ab223
[2025-11-24 02:09:41]   checking VirusTotal for: 38cf393ca0396bc471523b8b01860b63857b0f454643485511e637feb49ab223
[2025-11-24 02:09:43] WebDriver Created Successfully
[2025-11-24 02:09:43]   URL: https://www.virustotal.com/gui/search/38cf393ca0396bc471523b8b01860b63857b0f454643485511e637feb49ab223
[2025-11-24 02:09:47]   waiting 10 seconds for page to load
[2025-11-24 02:09:57]   Found: 66/72 detections
[2025-11-24 02:09:57] DETECTED: 66/72
[2025-11-24 02:09:59] 
[18/100] Checking: 7a2aa7939edd72a42eeedb556987deb4a38246cdced8c83886f9cb893394686e
[2025-11-24 02:09:59]   checking VirusTotal for: 7a2aa7939edd72a42eeedb556987deb4a38246cdced8c83886f9cb893394686e
[2025-11-24 02:10:01] WebDriver Created Successfully
[2025-11-24 02:10:01]   URL: https://www.virustotal.com/gui/search/7a2aa7939edd72a42eeedb556987deb4a38246cdced8c83886f9cb893394686e
[2025-11-24 02:10:05]   waiting 10 seconds for page to load
[2025-11-24 02:10:15]   Found: 20/54 detections
[2025-11-24 02:10:15] DETECTED: 20/54
[2025-11-24 02:10:17] 
[19/100] Checking: aa572532ab1c8a731e7ba32e97ba180268eee8e6a74a2b9c4dc3efb669edb9af
[2025-11-24 02:10:17]   checking VirusTotal for: aa572532ab1c8a731e7ba32e97ba180268eee8e6a74a2b9c4dc3efb669edb9af
[2025-11-24 02:10:19] WebDriver Created Successfully
[2025-11-24 02:10:19]   URL: https://www.virustotal.com/gui/search/aa572532ab1c8a731e7ba32e97ba180268eee8e6a74a2b9c4dc3efb669edb9af
[2025-11-24 02:10:22]   waiting 10 seconds for page to load
[2025-11-24 02:10:32]   Found: 6/60 detections
[2025-11-24 02:10:32] DETECTED: 6/60
[2025-11-24 02:10:34] 
[20/100] Checking: bc14bb7a29ba5e46e530190a862d9ca0b28bad5cf2504ba8730f7f7db3e50a9a
[2025-11-24 02:10:34]   checking VirusTotal for: bc14bb7a29ba5e46e530190a862d9ca0b28bad5cf2504ba8730f7f7db3e50a9a
[2025-11-24 02:10:36] WebDriver Created Successfully
[2025-11-24 02:10:36]   URL: https://www.virustotal.com/gui/search/bc14bb7a29ba5e46e530190a862d9ca0b28bad5cf2504ba8730f7f7db3e50a9a
[2025-11-24 02:10:39]   waiting 10 seconds for page to load
[2025-11-24 02:10:49]   Hash not found or no detection data!
[2025-11-24 02:10:49] NOT DETECTED in VirusTotal
[2025-11-24 02:10:51] 
⏸ Completed Batch 2/10
[2025-11-24 02:10:51] ⏸ Waiting 5 Minutes Before Next Batch
[2025-11-24 02:10:51]   300 seconds remaining
[2025-11-24 02:11:51]   240 seconds remaining
[2025-11-24 02:12:52]   180 seconds remaining
[2025-11-24 02:13:52]   120 seconds remaining
[2025-11-24 02:14:52]   60 seconds remaining
[2025-11-24 02:15:52] 5 minutes elapsed, continuing

[2025-11-24 02:15:52] 
--- Batch 3/10 (10 hashes) ---
[2025-11-24 02:15:52] 
[21/100] Checking: 094e6c7a079e2fbe0a5adef8a0263d950e6b1649b8414097d13a34101fcae9e7
[2025-11-24 02:15:52]   checking VirusTotal for: 094e6c7a079e2fbe0a5adef8a0263d950e6b1649b8414097d13a34101fcae9e7
[2025-11-24 02:15:55] WebDriver Created Successfully
[2025-11-24 02:15:55]   URL: https://www.virustotal.com/gui/search/094e6c7a079e2fbe0a5adef8a0263d950e6b1649b8414097d13a34101fcae9e7
[2025-11-24 02:15:59]   waiting 10 seconds for page to load
[2025-11-24 02:16:09]   Found: 27/63 detections
[2025-11-24 02:16:09] DETECTED: 27/63
[2025-11-24 02:16:11] 
[22/100] Checking: 0c28e850c798fbe2795087f8e0ac10c1ace6d7a7fc0de7f303d08cc185021998
[2025-11-24 02:16:11]   checking VirusTotal for: 0c28e850c798fbe2795087f8e0ac10c1ace6d7a7fc0de7f303d08cc185021998
[2025-11-24 02:16:13] WebDriver Created Successfully
[2025-11-24 02:16:13]   URL: https://www.virustotal.com/gui/search/0c28e850c798fbe2795087f8e0ac10c1ace6d7a7fc0de7f303d08cc185021998
[2025-11-24 02:16:17]   waiting 10 seconds for page to load
[2025-11-24 02:16:27]   Found: 46/72 detections
[2025-11-24 02:16:27] DETECTED: 46/72
[2025-11-24 02:16:29] 
[23/100] Checking: c50adcfe1afa21d18b8ced2ab1873e6fda049adcb933e6f5c421c9c78f90761d
[2025-11-24 02:16:29]   checking VirusTotal for: c50adcfe1afa21d18b8ced2ab1873e6fda049adcb933e6f5c421c9c78f90761d
[2025-11-24 02:16:31] WebDriver Created Successfully
[2025-11-24 02:16:31]   URL: https://www.virustotal.com/gui/search/c50adcfe1afa21d18b8ced2ab1873e6fda049adcb933e6f5c421c9c78f90761d
[2025-11-24 02:16:34]   waiting 10 seconds for page to load
[2025-11-24 02:16:44]   Found: 58/72 detections
[2025-11-24 02:16:44] DETECTED: 58/72
[2025-11-24 02:16:46] 
[24/100] Checking: 42023c6d7cca789be7411fafa8c1962a5eb1f0a77bee5ddeb301b9dafe2a062f
[2025-11-24 02:16:46]   checking VirusTotal for: 42023c6d7cca789be7411fafa8c1962a5eb1f0a77bee5ddeb301b9dafe2a062f
[2025-11-24 02:16:47] WebDriver Created Successfully
[2025-11-24 02:16:47]   URL: https://www.virustotal.com/gui/search/42023c6d7cca789be7411fafa8c1962a5eb1f0a77bee5ddeb301b9dafe2a062f
[2025-11-24 02:16:51]   waiting 10 seconds for page to load
[2025-11-24 02:17:01]   Found: 57/67 detections
[2025-11-24 02:17:01] DETECTED: 57/67
[2025-11-24 02:17:03] 
[25/100] Checking: e52d66e243aa3b3ad496baaa677c51698b62a7472925c20c5ef66000f4d09306
[2025-11-24 02:17:03]   checking VirusTotal for: e52d66e243aa3b3ad496baaa677c51698b62a7472925c20c5ef66000f4d09306
[2025-11-24 02:17:05] WebDriver Created Successfully
[2025-11-24 02:17:05]   URL: https://www.virustotal.com/gui/search/e52d66e243aa3b3ad496baaa677c51698b62a7472925c20c5ef66000f4d09306
[2025-11-24 02:17:08]   waiting 10 seconds for page to load
[2025-11-24 02:17:18]   Found: 49/72 detections
[2025-11-24 02:17:18] DETECTED: 49/72
[2025-11-24 02:17:20] 
[26/100] Checking: e45089dbc4d090f899c3fd4fe79dff3453bd14430fb2d80287df86d0797d3019
[2025-11-24 02:17:20]   checking VirusTotal for: e45089dbc4d090f899c3fd4fe79dff3453bd14430fb2d80287df86d0797d3019
[2025-11-24 02:17:22] WebDriver Created Successfully
[2025-11-24 02:17:22]   URL: https://www.virustotal.com/gui/search/e45089dbc4d090f899c3fd4fe79dff3453bd14430fb2d80287df86d0797d3019
[2025-11-24 02:17:24]   waiting 10 seconds for page to load
[2025-11-24 02:17:35]   Found: 21/65 detections
[2025-11-24 02:17:35] DETECTED: 21/65
[2025-11-24 02:17:37] 
[27/100] Checking: 96756b8e14d24528a319c44e83ce86c6c6a0e93645dc096f9acc5f0956ecc3d5
[2025-11-24 02:17:37]   checking VirusTotal for: 96756b8e14d24528a319c44e83ce86c6c6a0e93645dc096f9acc5f0956ecc3d5
[2025-11-24 02:17:38] WebDriver Created Successfully
[2025-11-24 02:17:38]   URL: https://www.virustotal.com/gui/search/96756b8e14d24528a319c44e83ce86c6c6a0e93645dc096f9acc5f0956ecc3d5
[2025-11-24 02:17:41]   waiting 10 seconds for page to load
[2025-11-24 02:17:51]   Hash not found or no detection data!
[2025-11-24 02:17:51] NOT DETECTED in VirusTotal
[2025-11-24 02:17:53] 
[28/100] Checking: ac777820d6788a53007a67689e7377dacc38884f29cb60843c77263a108ccb33
[2025-11-24 02:17:53]   checking VirusTotal for: ac777820d6788a53007a67689e7377dacc38884f29cb60843c77263a108ccb33
[2025-11-24 02:17:55] WebDriver Created Successfully
[2025-11-24 02:17:55]   URL: https://www.virustotal.com/gui/search/ac777820d6788a53007a67689e7377dacc38884f29cb60843c77263a108ccb33
[2025-11-24 02:17:58]   waiting 10 seconds for page to load
[2025-11-24 02:18:08]   Found: 66/70 detections
[2025-11-24 02:18:08] DETECTED: 66/70
[2025-11-24 02:18:10] 
[29/100] Checking: 893a25d90943571f810e05100e8044a0325415f82b3ef5cbdb4eda50a88c709d
[2025-11-24 02:18:10]   checking VirusTotal for: 893a25d90943571f810e05100e8044a0325415f82b3ef5cbdb4eda50a88c709d
[2025-11-24 02:18:12] WebDriver Created Successfully
[2025-11-24 02:18:12]   URL: https://www.virustotal.com/gui/search/893a25d90943571f810e05100e8044a0325415f82b3ef5cbdb4eda50a88c709d
[2025-11-24 02:18:15]   waiting 10 seconds for page to load
[2025-11-24 02:18:25]   Found: 55/72 detections
[2025-11-24 02:18:25] DETECTED: 55/72
[2025-11-24 02:18:27] 
[30/100] Checking: 090db79b2060cbedf18d05b99e5de4cd9c96f9bee6eea731309c3ab4770bc233
[2025-11-24 02:18:27]   checking VirusTotal for: 090db79b2060cbedf18d05b99e5de4cd9c96f9bee6eea731309c3ab4770bc233
[2025-11-24 02:18:29] WebDriver Created Successfully
[2025-11-24 02:18:29]   URL: https://www.virustotal.com/gui/search/090db79b2060cbedf18d05b99e5de4cd9c96f9bee6eea731309c3ab4770bc233
[2025-11-24 02:18:31]   waiting 10 seconds for page to load
[2025-11-24 02:18:41]   Found: 61/71 detections
[2025-11-24 02:18:42] DETECTED: 61/71
[2025-11-24 02:18:44] 
⏸ Completed Batch 3/10
[2025-11-24 02:18:44] ⏸ Waiting 5 Minutes Before Next Batch
[2025-11-24 02:18:44]   300 seconds remaining
[2025-11-24 02:19:44]   240 seconds remaining
[2025-11-24 02:20:44]   180 seconds remaining
[2025-11-24 02:21:44]   120 seconds remaining
[2025-11-24 02:22:44]   60 seconds remaining
[2025-11-24 02:23:44] 5 minutes elapsed, continuing

[2025-11-24 02:23:44] 
--- Batch 4/10 (10 hashes) ---
[2025-11-24 02:23:44] 
[31/100] Checking: 8eed1fc13275c2fbffc406d91992ac449e7667eb0c4d254397a76224e8b432d5
[2025-11-24 02:23:44]   checking VirusTotal for: 8eed1fc13275c2fbffc406d91992ac449e7667eb0c4d254397a76224e8b432d5
[2025-11-24 02:23:47] WebDriver Created Successfully
[2025-11-24 02:23:47]   URL: https://www.virustotal.com/gui/search/8eed1fc13275c2fbffc406d91992ac449e7667eb0c4d254397a76224e8b432d5
[2025-11-24 02:23:50]   waiting 10 seconds for page to load
[2025-11-24 02:24:00]   Found: 14/64 detections
[2025-11-24 02:24:00] DETECTED: 14/64
[2025-11-24 02:24:02] 
[32/100] Checking: e4f1163ae08e51ea8206a3a88c24e7db04b18b6208ed3aef68caf0fdd0e23cd0
[2025-11-24 02:24:02]   checking VirusTotal for: e4f1163ae08e51ea8206a3a88c24e7db04b18b6208ed3aef68caf0fdd0e23cd0
[2025-11-24 02:24:04] WebDriver Created Successfully
[2025-11-24 02:24:04]   URL: https://www.virustotal.com/gui/search/e4f1163ae08e51ea8206a3a88c24e7db04b18b6208ed3aef68caf0fdd0e23cd0
[2025-11-24 02:24:07]   waiting 10 seconds for page to load
[2025-11-24 02:24:17]   Found: 38/72 detections
[2025-11-24 02:24:17] DETECTED: 38/72
[2025-11-24 02:24:19] 
[33/100] Checking: 1936043f5cfcffbee69201b5d3c77696d3a1a017bf401b5093f8f10b27339f86
[2025-11-24 02:24:19]   checking VirusTotal for: 1936043f5cfcffbee69201b5d3c77696d3a1a017bf401b5093f8f10b27339f86
[2025-11-24 02:24:21] WebDriver Created Successfully
[2025-11-24 02:24:21]   URL: https://www.virustotal.com/gui/search/1936043f5cfcffbee69201b5d3c77696d3a1a017bf401b5093f8f10b27339f86
[2025-11-24 02:24:23]   waiting 10 seconds for page to load
[2025-11-24 02:24:33]   Found: 62/72 detections
[2025-11-24 02:24:34] DETECTED: 62/72
[2025-11-24 02:24:36] 
[34/100] Checking: 1ca9b7e7740770ca5f710193adcc9db9f7c3a1b5b5b188cfb21b8c1d1c1acb85
[2025-11-24 02:24:36]   checking VirusTotal for: 1ca9b7e7740770ca5f710193adcc9db9f7c3a1b5b5b188cfb21b8c1d1c1acb85
[2025-11-24 02:24:37] WebDriver Created Successfully
[2025-11-24 02:24:37]   URL: https://www.virustotal.com/gui/search/1ca9b7e7740770ca5f710193adcc9db9f7c3a1b5b5b188cfb21b8c1d1c1acb85
[2025-11-24 02:24:41]   waiting 10 seconds for page to load
[2025-11-24 02:24:51]   Found: 33/69 detections
[2025-11-24 02:24:51] DETECTED: 33/69
[2025-11-24 02:24:53] 
[35/100] Checking: 2f49b12713e04402d11c6c76e32f3000235dd95ea2f53d8f28d00321911d3224
[2025-11-24 02:24:53]   checking VirusTotal for: 2f49b12713e04402d11c6c76e32f3000235dd95ea2f53d8f28d00321911d3224
[2025-11-24 02:24:55] WebDriver Created Successfully
[2025-11-24 02:24:55]   URL: https://www.virustotal.com/gui/search/2f49b12713e04402d11c6c76e32f3000235dd95ea2f53d8f28d00321911d3224
[2025-11-24 02:24:57]   waiting 10 seconds for page to load
[2025-11-24 02:25:08]   Found: 30/72 detections
[2025-11-24 02:25:08] DETECTED: 30/72
[2025-11-24 02:25:10] 
[36/100] Checking: 8d38329fdace4e9755463d8d34068fed75b0393ce504423d4d4d247bae6b8682
[2025-11-24 02:25:10]   checking VirusTotal for: 8d38329fdace4e9755463d8d34068fed75b0393ce504423d4d4d247bae6b8682
[2025-11-24 02:25:11] WebDriver Created Successfully
[2025-11-24 02:25:11]   URL: https://www.virustotal.com/gui/search/8d38329fdace4e9755463d8d34068fed75b0393ce504423d4d4d247bae6b8682
[2025-11-24 02:25:15]   waiting 10 seconds for page to load
[2025-11-24 02:25:25]   Found: 64/72 detections
[2025-11-24 02:25:25] DETECTED: 64/72
[2025-11-24 02:25:27] 
[37/100] Checking: 6a9918bc9f5715564a819a2cf77b0e800528ef40dce33dec9bf9fb97d0dfd3f2
[2025-11-24 02:25:27]   checking VirusTotal for: 6a9918bc9f5715564a819a2cf77b0e800528ef40dce33dec9bf9fb97d0dfd3f2
[2025-11-24 02:25:29] WebDriver Created Successfully
[2025-11-24 02:25:29]   URL: https://www.virustotal.com/gui/search/6a9918bc9f5715564a819a2cf77b0e800528ef40dce33dec9bf9fb97d0dfd3f2
[2025-11-24 02:25:31]   waiting 10 seconds for page to load
[2025-11-24 02:25:41]   Found: 9/70 detections
[2025-11-24 02:25:41] DETECTED: 9/70
[2025-11-24 02:25:43] 
[38/100] Checking: b13048d8ed3641a2ba560a5911daf0071c9c3086da07a31d0a3abc036cf9bce2
[2025-11-24 02:25:43]   checking VirusTotal for: b13048d8ed3641a2ba560a5911daf0071c9c3086da07a31d0a3abc036cf9bce2
[2025-11-24 02:25:45] WebDriver Created Successfully
[2025-11-24 02:25:45]   URL: https://www.virustotal.com/gui/search/b13048d8ed3641a2ba560a5911daf0071c9c3086da07a31d0a3abc036cf9bce2
[2025-11-24 02:25:48]   waiting 10 seconds for page to load
[2025-11-24 02:25:58]   Found: 58/72 detections
[2025-11-24 02:25:58] DETECTED: 58/72
[2025-11-24 02:26:00] 
[39/100] Checking: fb4a446c596738e3d6cbc22a399a32ecaf70803c6a1b319dd5d999fddbdafc85
[2025-11-24 02:26:00]   checking VirusTotal for: fb4a446c596738e3d6cbc22a399a32ecaf70803c6a1b319dd5d999fddbdafc85
[2025-11-24 02:26:02] WebDriver Created Successfully
[2025-11-24 02:26:02]   URL: https://www.virustotal.com/gui/search/fb4a446c596738e3d6cbc22a399a32ecaf70803c6a1b319dd5d999fddbdafc85
[2025-11-24 02:26:04]   waiting 10 seconds for page to load
[2025-11-24 02:26:15]   Found: 54/65 detections
[2025-11-24 02:26:15] DETECTED: 54/65
[2025-11-24 02:26:17] 
[40/100] Checking: 5563a5a7ddfa4ed29b594e9b1f0c7c528c1d6f398caf7bc80cfb4a883700dfe4
[2025-11-24 02:26:17]   checking VirusTotal for: 5563a5a7ddfa4ed29b594e9b1f0c7c528c1d6f398caf7bc80cfb4a883700dfe4
[2025-11-24 02:26:18] WebDriver Created Successfully
[2025-11-24 02:26:18]   URL: https://www.virustotal.com/gui/search/5563a5a7ddfa4ed29b594e9b1f0c7c528c1d6f398caf7bc80cfb4a883700dfe4
[2025-11-24 02:26:21]   waiting 10 seconds for page to load
[2025-11-24 02:26:31]   Found: 25/62 detections
[2025-11-24 02:26:31] DETECTED: 25/62
[2025-11-24 02:26:33] 
⏸ Completed Batch 4/10
[2025-11-24 02:26:33] ⏸ Waiting 5 Minutes Before Next Batch
[2025-11-24 02:26:33]   300 seconds remaining
[2025-11-24 02:27:33]   240 seconds remaining
[2025-11-24 02:28:34]   180 seconds remaining
[2025-11-24 02:29:34]   120 seconds remaining
[2025-11-24 02:30:34]   60 seconds remaining
[2025-11-24 02:31:34] 5 minutes elapsed, continuing

[2025-11-24 02:31:34] 
--- Batch 5/10 (10 hashes) ---
[2025-11-24 02:31:34] 
[41/100] Checking: 749206ac12f2fdebf5370e7f442fabae15bd086d136ccbab7698f3c37ff8625b
[2025-11-24 02:31:34]   checking VirusTotal for: 749206ac12f2fdebf5370e7f442fabae15bd086d136ccbab7698f3c37ff8625b
[2025-11-24 02:31:37] WebDriver Created Successfully
[2025-11-24 02:31:37]   URL: https://www.virustotal.com/gui/search/749206ac12f2fdebf5370e7f442fabae15bd086d136ccbab7698f3c37ff8625b
[2025-11-24 02:31:40]   waiting 10 seconds for page to load
[2025-11-24 02:31:51]   Found: 66/72 detections
[2025-11-24 02:31:51] DETECTED: 66/72
[2025-11-24 02:31:53] 
[42/100] Checking: c5b1f3043cd8f49fa1885c7a4457da8b6031e49fb22c47b1670a66d2a86cade9
[2025-11-24 02:31:53]   checking VirusTotal for: c5b1f3043cd8f49fa1885c7a4457da8b6031e49fb22c47b1670a66d2a86cade9
[2025-11-24 02:31:54] WebDriver Created Successfully
[2025-11-24 02:31:54]   URL: https://www.virustotal.com/gui/search/c5b1f3043cd8f49fa1885c7a4457da8b6031e49fb22c47b1670a66d2a86cade9
[2025-11-24 02:31:58]   waiting 10 seconds for page to load
[2025-11-24 02:32:08]   Found: 57/72 detections
[2025-11-24 02:32:08] DETECTED: 57/72
[2025-11-24 02:32:10] 
[43/100] Checking: 35c4d18ca800986a7662dcdbc6d2c7865d3567aadb1f08af05cf1e9cf41c1adc
[2025-11-24 02:32:10]   checking VirusTotal for: 35c4d18ca800986a7662dcdbc6d2c7865d3567aadb1f08af05cf1e9cf41c1adc
[2025-11-24 02:32:12] WebDriver Created Successfully
[2025-11-24 02:32:12]   URL: https://www.virustotal.com/gui/search/35c4d18ca800986a7662dcdbc6d2c7865d3567aadb1f08af05cf1e9cf41c1adc
[2025-11-24 02:32:15]   waiting 10 seconds for page to load
[2025-11-24 02:32:25]   Found: 26/63 detections
[2025-11-24 02:32:25] DETECTED: 26/63
[2025-11-24 02:32:27] 
[44/100] Checking: 1efedb414b879c08a4bbfa50efc8b2842886c4d4a6105f6ed8237639a7955eec
[2025-11-24 02:32:27]   checking VirusTotal for: 1efedb414b879c08a4bbfa50efc8b2842886c4d4a6105f6ed8237639a7955eec
[2025-11-24 02:32:29] WebDriver Created Successfully
[2025-11-24 02:32:29]   URL: https://www.virustotal.com/gui/search/1efedb414b879c08a4bbfa50efc8b2842886c4d4a6105f6ed8237639a7955eec
[2025-11-24 02:32:32]   waiting 10 seconds for page to load
[2025-11-24 02:32:42]   Found: 63/72 detections
[2025-11-24 02:32:42] DETECTED: 63/72
[2025-11-24 02:32:44] 
[45/100] Checking: 1253c77de47edfe92e3bbc2a3f33c4359dc9ca7f993a37e0448d96fa3dbe0ecf
[2025-11-24 02:32:44]   checking VirusTotal for: 1253c77de47edfe92e3bbc2a3f33c4359dc9ca7f993a37e0448d96fa3dbe0ecf
[2025-11-24 02:32:46] WebDriver Created Successfully
[2025-11-24 02:32:46]   URL: https://www.virustotal.com/gui/search/1253c77de47edfe92e3bbc2a3f33c4359dc9ca7f993a37e0448d96fa3dbe0ecf
[2025-11-24 02:32:49]   waiting 10 seconds for page to load
[2025-11-24 02:32:59]   Found: 13/55 detections
[2025-11-24 02:32:59] DETECTED: 13/55
[2025-11-24 02:33:01] 
[46/100] Checking: 8f595816b847e22356a442bc2d58d50daacde42d6cefeeee46b64b6616313e04
[2025-11-24 02:33:01]   checking VirusTotal for: 8f595816b847e22356a442bc2d58d50daacde42d6cefeeee46b64b6616313e04
[2025-11-24 02:33:03] WebDriver Created Successfully
[2025-11-24 02:33:03]   URL: https://www.virustotal.com/gui/search/8f595816b847e22356a442bc2d58d50daacde42d6cefeeee46b64b6616313e04
[2025-11-24 02:33:06]   waiting 10 seconds for page to load
[2025-11-24 02:33:16]   Found: 29/62 detections
[2025-11-24 02:33:16] DETECTED: 29/62
[2025-11-24 02:33:18] 
[47/100] Checking: 1a01b4ec04503af3b94b8703d77b0659d10993f006532a4c92799772748f7631
[2025-11-24 02:33:18]   checking VirusTotal for: 1a01b4ec04503af3b94b8703d77b0659d10993f006532a4c92799772748f7631
[2025-11-24 02:33:20] WebDriver Created Successfully
[2025-11-24 02:33:20]   URL: https://www.virustotal.com/gui/search/1a01b4ec04503af3b94b8703d77b0659d10993f006532a4c92799772748f7631
[2025-11-24 02:33:23]   waiting 10 seconds for page to load
[2025-11-24 02:33:33]   Found: 14/69 detections
[2025-11-24 02:33:33] DETECTED: 14/69
[2025-11-24 02:33:35] 
[48/100] Checking: 061469b2aa9aa1528f939be37ac60a60fc7c3c3ef3290968ace82b8ad9bc751f
[2025-11-24 02:33:35]   checking VirusTotal for: 061469b2aa9aa1528f939be37ac60a60fc7c3c3ef3290968ace82b8ad9bc751f
[2025-11-24 02:33:37] WebDriver Created Successfully
[2025-11-24 02:33:37]   URL: https://www.virustotal.com/gui/search/061469b2aa9aa1528f939be37ac60a60fc7c3c3ef3290968ace82b8ad9bc751f
[2025-11-24 02:33:40]   waiting 10 seconds for page to load
[2025-11-24 02:33:50]   Found: 42/63 detections
[2025-11-24 02:33:50] DETECTED: 42/63
[2025-11-24 02:33:52] 
[49/100] Checking: 42205fbc37645d29c641a3de01bce84d0945cc81baf34b435975449b3f4e9629
[2025-11-24 02:33:52]   checking VirusTotal for: 42205fbc37645d29c641a3de01bce84d0945cc81baf34b435975449b3f4e9629
[2025-11-24 02:33:54] WebDriver Created Successfully
[2025-11-24 02:33:54]   URL: https://www.virustotal.com/gui/search/42205fbc37645d29c641a3de01bce84d0945cc81baf34b435975449b3f4e9629
[2025-11-24 02:33:57]   waiting 10 seconds for page to load
[2025-11-24 02:34:07]   Found: 35/63 detections
[2025-11-24 02:34:08] DETECTED: 35/63
[2025-11-24 02:34:10] 
[50/100] Checking: 6e258a1a6d793414cecbbd0c99b4f4f7e8fc4649d76d433e0ccd5f0a5a75032d
[2025-11-24 02:34:10]   checking VirusTotal for: 6e258a1a6d793414cecbbd0c99b4f4f7e8fc4649d76d433e0ccd5f0a5a75032d
[2025-11-24 02:34:11] WebDriver Created Successfully
[2025-11-24 02:34:11]   URL: https://www.virustotal.com/gui/search/6e258a1a6d793414cecbbd0c99b4f4f7e8fc4649d76d433e0ccd5f0a5a75032d
[2025-11-24 02:34:14]   waiting 10 seconds for page to load
[2025-11-24 02:34:24]   Hash not found or no detection data!
[2025-11-24 02:34:24] NOT DETECTED in VirusTotal
[2025-11-24 02:34:26] 
⏸ Completed Batch 5/10
[2025-11-24 02:34:26] ⏸ Waiting 5 Minutes Before Next Batch
[2025-11-24 02:34:26]   300 seconds remaining
[2025-11-24 02:35:26]   240 seconds remaining
[2025-11-24 02:36:26]   180 seconds remaining
[2025-11-24 02:37:26]   120 seconds remaining
[2025-11-24 02:38:27]   60 seconds remaining
[2025-11-24 02:39:27] 5 minutes elapsed, continuing

[2025-11-24 02:39:27] 
--- Batch 6/10 (10 hashes) ---
[2025-11-24 02:39:27] 
[51/100] Checking: f79d53b259ccbd8c269cc4c9d5bb82b220b7d901c5b753efa430a639d3f86068
[2025-11-24 02:39:27]   checking VirusTotal for: f79d53b259ccbd8c269cc4c9d5bb82b220b7d901c5b753efa430a639d3f86068
[2025-11-24 02:39:29] WebDriver Created Successfully
[2025-11-24 02:39:29]   URL: https://www.virustotal.com/gui/search/f79d53b259ccbd8c269cc4c9d5bb82b220b7d901c5b753efa430a639d3f86068
[2025-11-24 02:39:32]   waiting 10 seconds for page to load
[2025-11-24 02:39:43]   Found: 62/69 detections
[2025-11-24 02:39:43] DETECTED: 62/69
[2025-11-24 02:39:45] 
[52/100] Checking: 6ad0d2fb325610cf4cd3db6903ce4e548a23f945d8d8387be582313706ed8424
[2025-11-24 02:39:45]   checking VirusTotal for: 6ad0d2fb325610cf4cd3db6903ce4e548a23f945d8d8387be582313706ed8424
[2025-11-24 02:39:46] WebDriver Created Successfully
[2025-11-24 02:39:46]   URL: https://www.virustotal.com/gui/search/6ad0d2fb325610cf4cd3db6903ce4e548a23f945d8d8387be582313706ed8424
[2025-11-24 02:39:49]   waiting 10 seconds for page to load
[2025-11-24 02:40:00]   Found: 66/72 detections
[2025-11-24 02:40:00] DETECTED: 66/72
[2025-11-24 02:40:02] 
[53/100] Checking: bf2f4e207fff4e2c8d5c0af99fe91750e3cf7c8d8cc425116a99bfede80097a3
[2025-11-24 02:40:02]   checking VirusTotal for: bf2f4e207fff4e2c8d5c0af99fe91750e3cf7c8d8cc425116a99bfede80097a3
[2025-11-24 02:40:03] WebDriver Created Successfully
[2025-11-24 02:40:03]   URL: https://www.virustotal.com/gui/search/bf2f4e207fff4e2c8d5c0af99fe91750e3cf7c8d8cc425116a99bfede80097a3
[2025-11-24 02:40:06]   waiting 10 seconds for page to load
[2025-11-24 02:40:16]   Hash not found or no detection data!
[2025-11-24 02:40:16] NOT DETECTED in VirusTotal
[2025-11-24 02:40:18] 
[54/100] Checking: 8e2a2dc3cfb53da2352439b230ccf315c257ceb99e7c1cc99b48e41f435d7f51
[2025-11-24 02:40:18]   checking VirusTotal for: 8e2a2dc3cfb53da2352439b230ccf315c257ceb99e7c1cc99b48e41f435d7f51
[2025-11-24 02:40:20] WebDriver Created Successfully
[2025-11-24 02:40:20]   URL: https://www.virustotal.com/gui/search/8e2a2dc3cfb53da2352439b230ccf315c257ceb99e7c1cc99b48e41f435d7f51
[2025-11-24 02:40:23]   waiting 10 seconds for page to load
[2025-11-24 02:40:33]   Found: 53/72 detections
[2025-11-24 02:40:33] DETECTED: 53/72
[2025-11-24 02:40:35] 
[55/100] Checking: a753a8311a541d4e41a828b105da2d84f51038188cee19e3613d2130098497a6
[2025-11-24 02:40:35]   checking VirusTotal for: a753a8311a541d4e41a828b105da2d84f51038188cee19e3613d2130098497a6
[2025-11-24 02:40:37] WebDriver Created Successfully
[2025-11-24 02:40:37]   URL: https://www.virustotal.com/gui/search/a753a8311a541d4e41a828b105da2d84f51038188cee19e3613d2130098497a6
[2025-11-24 02:40:40]   waiting 10 seconds for page to load
[2025-11-24 02:40:50]   Found: 51/67 detections
[2025-11-24 02:40:50] DETECTED: 51/67
[2025-11-24 02:40:52] 
[56/100] Checking: 2beb19bcc939377189f8da4748a0e0c9c9a7ffa8ea850a9455c072973e5e62c5
[2025-11-24 02:40:52]   checking VirusTotal for: 2beb19bcc939377189f8da4748a0e0c9c9a7ffa8ea850a9455c072973e5e62c5
[2025-11-24 02:40:54] WebDriver Created Successfully
[2025-11-24 02:40:54]   URL: https://www.virustotal.com/gui/search/2beb19bcc939377189f8da4748a0e0c9c9a7ffa8ea850a9455c072973e5e62c5
[2025-11-24 02:40:57]   waiting 10 seconds for page to load
[2025-11-24 02:41:07]   Found: 62/72 detections
[2025-11-24 02:41:07] DETECTED: 62/72
[2025-11-24 02:41:09] 
[57/100] Checking: 794e555182b294e74a7d9ea364566bb85458df33b93a25a16db1eae7a8406732
[2025-11-24 02:41:09]   checking VirusTotal for: 794e555182b294e74a7d9ea364566bb85458df33b93a25a16db1eae7a8406732
[2025-11-24 02:41:11] WebDriver Created Successfully
[2025-11-24 02:41:11]   URL: https://www.virustotal.com/gui/search/794e555182b294e74a7d9ea364566bb85458df33b93a25a16db1eae7a8406732
[2025-11-24 02:41:14]   waiting 10 seconds for page to load
[2025-11-24 02:41:24]   Found: 25/51 detections
[2025-11-24 02:41:24] DETECTED: 25/51
[2025-11-24 02:41:26] 
[58/100] Checking: 7bfdb16a2809d3e99c3d380b70e2e5af4fd7029457348ddc6dbdcac870232195
[2025-11-24 02:41:26]   checking VirusTotal for: 7bfdb16a2809d3e99c3d380b70e2e5af4fd7029457348ddc6dbdcac870232195
[2025-11-24 02:41:28] WebDriver Created Successfully
[2025-11-24 02:41:28]   URL: https://www.virustotal.com/gui/search/7bfdb16a2809d3e99c3d380b70e2e5af4fd7029457348ddc6dbdcac870232195
[2025-11-24 02:41:31]   waiting 10 seconds for page to load
[2025-11-24 02:41:41]   Found: 64/72 detections
[2025-11-24 02:41:41] DETECTED: 64/72
[2025-11-24 02:41:43] 
[59/100] Checking: 5db94cabb4b0b15b59009ad712ddf60e4cb7b88e687ce72ce109a23ca1e836a3
[2025-11-24 02:41:43]   checking VirusTotal for: 5db94cabb4b0b15b59009ad712ddf60e4cb7b88e687ce72ce109a23ca1e836a3
[2025-11-24 02:41:44] Error Creating WebDriver: Could not reach host. Are you offline?
[2025-11-24 02:41:46] 
[60/100] Checking: d6d0a7812291ecc34bdf6e9a8b04f3a3d1b64199b177f818e098bb68f316ad5a
[2025-11-24 02:41:46]   checking VirusTotal for: d6d0a7812291ecc34bdf6e9a8b04f3a3d1b64199b177f818e098bb68f316ad5a
[2025-11-24 02:41:48] WebDriver Created Successfully
[2025-11-24 02:41:48]   URL: https://www.virustotal.com/gui/search/d6d0a7812291ecc34bdf6e9a8b04f3a3d1b64199b177f818e098bb68f316ad5a
[2025-11-24 02:41:51]   waiting 10 seconds for page to load
[2025-11-24 02:42:01]   Found: 62/72 detections
[2025-11-24 02:42:02] DETECTED: 62/72
[2025-11-24 02:42:04] 
⏸ Completed Batch 6/10
[2025-11-24 02:42:04] ⏸ Waiting 5 Minutes Before Next Batch
[2025-11-24 02:42:04]   300 seconds remaining
[2025-11-24 02:43:04]   240 seconds remaining
[2025-11-24 02:44:04]   180 seconds remaining
[2025-11-24 02:45:04]   120 seconds remaining
[2025-11-24 02:46:04]   60 seconds remaining
[2025-11-24 02:47:04] 5 minutes elapsed, continuing

[2025-11-24 02:47:04] 
--- Batch 7/10 (10 hashes) ---
[2025-11-24 02:47:04] 
[61/100] Checking: 4900de10166d8cc5412846c94b4b27469d1a63c95ac4656b9f064ed8e16ead98
[2025-11-24 02:47:04]   checking VirusTotal for: 4900de10166d8cc5412846c94b4b27469d1a63c95ac4656b9f064ed8e16ead98
[2025-11-24 02:47:07] WebDriver Created Successfully
[2025-11-24 02:47:07]   URL: https://www.virustotal.com/gui/search/4900de10166d8cc5412846c94b4b27469d1a63c95ac4656b9f064ed8e16ead98
[2025-11-24 02:47:10]   waiting 10 seconds for page to load
[2025-11-24 02:47:20]   Found: 13/63 detections
[2025-11-24 02:47:20] DETECTED: 13/63
[2025-11-24 02:47:22] 
[62/100] Checking: 873a5f03e36f8a0cb7263855add6d8fb28c3b5f87f4a21df557b54c1e283071f
[2025-11-24 02:47:22]   checking VirusTotal for: 873a5f03e36f8a0cb7263855add6d8fb28c3b5f87f4a21df557b54c1e283071f
[2025-11-24 02:47:24] WebDriver Created Successfully
[2025-11-24 02:47:24]   URL: https://www.virustotal.com/gui/search/873a5f03e36f8a0cb7263855add6d8fb28c3b5f87f4a21df557b54c1e283071f
[2025-11-24 02:47:27]   waiting 10 seconds for page to load
[2025-11-24 02:47:37]   Found: 64/72 detections
[2025-11-24 02:47:38] DETECTED: 64/72
[2025-11-24 02:47:40] 
[63/100] Checking: 04ffdc5d148b5a99782ec03566c319d86b0c68f86d1515bf1dd842ad2e9b9ce2
[2025-11-24 02:47:40]   checking VirusTotal for: 04ffdc5d148b5a99782ec03566c319d86b0c68f86d1515bf1dd842ad2e9b9ce2
[2025-11-24 02:47:41] WebDriver Created Successfully
[2025-11-24 02:47:41]   URL: https://www.virustotal.com/gui/search/04ffdc5d148b5a99782ec03566c319d86b0c68f86d1515bf1dd842ad2e9b9ce2
[2025-11-24 02:47:44]   waiting 10 seconds for page to load
[2025-11-24 02:47:54]   Found: 41/70 detections
[2025-11-24 02:47:54] DETECTED: 41/70
[2025-11-24 02:47:56] 
[64/100] Checking: d9c565b0bd3926a69c0a5a1f80dcee1097fc6f74099a33b7ac18715eabc7a37e
[2025-11-24 02:47:56]   checking VirusTotal for: d9c565b0bd3926a69c0a5a1f80dcee1097fc6f74099a33b7ac18715eabc7a37e
[2025-11-24 02:47:58] WebDriver Created Successfully
[2025-11-24 02:47:58]   URL: https://www.virustotal.com/gui/search/d9c565b0bd3926a69c0a5a1f80dcee1097fc6f74099a33b7ac18715eabc7a37e
[2025-11-24 02:48:02]   waiting 10 seconds for page to load
[2025-11-24 02:48:12]   Found: 64/72 detections
[2025-11-24 02:48:12] DETECTED: 64/72
[2025-11-24 02:48:14] 
[65/100] Checking: b6549952e58bfb46347587744b0d6b0d01ef95ab26de209ae4bb6e8e1121cd49
[2025-11-24 02:48:14]   checking VirusTotal for: b6549952e58bfb46347587744b0d6b0d01ef95ab26de209ae4bb6e8e1121cd49
[2025-11-24 02:48:16] WebDriver Created Successfully
[2025-11-24 02:48:16]   URL: https://www.virustotal.com/gui/search/b6549952e58bfb46347587744b0d6b0d01ef95ab26de209ae4bb6e8e1121cd49
[2025-11-24 02:48:19]   waiting 10 seconds for page to load
[2025-11-24 02:48:29]   Found: 66/72 detections
[2025-11-24 02:48:29] DETECTED: 66/72
[2025-11-24 02:48:31] 
[66/100] Checking: b532f5591dbf9b76ac403c3aef239f1c2c3be8d4d20d004bf043027c5955b427
[2025-11-24 02:48:31]   checking VirusTotal for: b532f5591dbf9b76ac403c3aef239f1c2c3be8d4d20d004bf043027c5955b427
[2025-11-24 02:48:33] WebDriver Created Successfully
[2025-11-24 02:48:33]   URL: https://www.virustotal.com/gui/search/b532f5591dbf9b76ac403c3aef239f1c2c3be8d4d20d004bf043027c5955b427
[2025-11-24 02:48:36]   waiting 10 seconds for page to load
[2025-11-24 02:48:46]   Found: 61/72 detections
[2025-11-24 02:48:46] DETECTED: 61/72
[2025-11-24 02:48:48] 
[67/100] Checking: 15f58b4063e67bad03c38cf0e9e4969eaea91f9f15d352e9fa891918fbbd06e5
[2025-11-24 02:48:48]   checking VirusTotal for: 15f58b4063e67bad03c38cf0e9e4969eaea91f9f15d352e9fa891918fbbd06e5
[2025-11-24 02:48:50] WebDriver Created Successfully
[2025-11-24 02:48:50]   URL: https://www.virustotal.com/gui/search/15f58b4063e67bad03c38cf0e9e4969eaea91f9f15d352e9fa891918fbbd06e5
[2025-11-24 02:48:53]   waiting 10 seconds for page to load
[2025-11-24 02:49:03]   Found: 58/72 detections
[2025-11-24 02:49:03] DETECTED: 58/72
[2025-11-24 02:49:05] 
[68/100] Checking: 0916f597dfde81dd917cc79c58b30121b9ba617d0aebbb957b79ca9537473099
[2025-11-24 02:49:05]   checking VirusTotal for: 0916f597dfde81dd917cc79c58b30121b9ba617d0aebbb957b79ca9537473099
[2025-11-24 02:49:07] WebDriver Created Successfully
[2025-11-24 02:49:07]   URL: https://www.virustotal.com/gui/search/0916f597dfde81dd917cc79c58b30121b9ba617d0aebbb957b79ca9537473099
[2025-11-24 02:49:10]   waiting 10 seconds for page to load
[2025-11-24 02:49:20]   Found: 65/72 detections
[2025-11-24 02:49:20] DETECTED: 65/72
[2025-11-24 02:49:22] 
[69/100] Checking: 356cb3251394d86db58de7b279f044c36159f0decd98b8ef8f9b1117795ab495
[2025-11-24 02:49:22]   checking VirusTotal for: 356cb3251394d86db58de7b279f044c36159f0decd98b8ef8f9b1117795ab495
[2025-11-24 02:49:24] WebDriver Created Successfully
[2025-11-24 02:49:24]   URL: https://www.virustotal.com/gui/search/356cb3251394d86db58de7b279f044c36159f0decd98b8ef8f9b1117795ab495
[2025-11-24 02:49:26]   waiting 10 seconds for page to load
[2025-11-24 02:49:36]   Found: 46/70 detections
[2025-11-24 02:49:36] DETECTED: 46/70
[2025-11-24 02:49:38] 
[70/100] Checking: 5fbfbb3b756e899d2a5cbd53bb4dc4bb73758bd2b6ddaca123f667de1a9c0420
[2025-11-24 02:49:38]   checking VirusTotal for: 5fbfbb3b756e899d2a5cbd53bb4dc4bb73758bd2b6ddaca123f667de1a9c0420
[2025-11-24 02:49:40] WebDriver Created Successfully
[2025-11-24 02:49:40]   URL: https://www.virustotal.com/gui/search/5fbfbb3b756e899d2a5cbd53bb4dc4bb73758bd2b6ddaca123f667de1a9c0420
[2025-11-24 02:49:43]   waiting 10 seconds for page to load
[2025-11-24 02:49:53]   Found: 62/72 detections
[2025-11-24 02:49:53] DETECTED: 62/72
[2025-11-24 02:49:55] 
⏸ Completed Batch 7/10
[2025-11-24 02:49:55] ⏸ Waiting 5 Minutes Before Next Batch
[2025-11-24 02:49:55]   300 seconds remaining
[2025-11-24 02:50:55]   240 seconds remaining
[2025-11-24 02:51:55]   180 seconds remaining
[2025-11-24 02:52:55]   120 seconds remaining
[2025-11-24 02:53:55]   60 seconds remaining
[2025-11-24 02:54:55] 5 minutes elapsed, continuing

[2025-11-24 02:54:55] 
--- Batch 8/10 (10 hashes) ---
[2025-11-24 02:54:55] 
[71/100] Checking: 8970cee1332aaba67b5c70065dce032cb1edaac60c071ee2afd638bfde9ff940
[2025-11-24 02:54:55]   checking VirusTotal for: 8970cee1332aaba67b5c70065dce032cb1edaac60c071ee2afd638bfde9ff940
[2025-11-24 02:54:58] WebDriver Created Successfully
[2025-11-24 02:54:58]   URL: https://www.virustotal.com/gui/search/8970cee1332aaba67b5c70065dce032cb1edaac60c071ee2afd638bfde9ff940
[2025-11-24 02:55:01]   waiting 10 seconds for page to load
[2025-11-24 02:55:11]   Found: 65/72 detections
[2025-11-24 02:55:12] DETECTED: 65/72
[2025-11-24 02:55:14] 
[72/100] Checking: 4057d50aba1aeda1f359ce366f336e5818faf223fdb81048595a0535e3b3155e
[2025-11-24 02:55:14]   checking VirusTotal for: 4057d50aba1aeda1f359ce366f336e5818faf223fdb81048595a0535e3b3155e
[2025-11-24 02:55:15] WebDriver Created Successfully
[2025-11-24 02:55:15]   URL: https://www.virustotal.com/gui/search/4057d50aba1aeda1f359ce366f336e5818faf223fdb81048595a0535e3b3155e
[2025-11-24 02:55:18]   waiting 10 seconds for page to load
[2025-11-24 02:55:28]   Found: 29/62 detections
[2025-11-24 02:55:28] DETECTED: 29/62
[2025-11-24 02:55:30] 
[73/100] Checking: 06a4cf7c6abdffa266ced8152b6866b4394c46ce026069f3a7f6644df8cc026a
[2025-11-24 02:55:30]   checking VirusTotal for: 06a4cf7c6abdffa266ced8152b6866b4394c46ce026069f3a7f6644df8cc026a
[2025-11-24 02:55:32] WebDriver Created Successfully
[2025-11-24 02:55:32]   URL: https://www.virustotal.com/gui/search/06a4cf7c6abdffa266ced8152b6866b4394c46ce026069f3a7f6644df8cc026a
[2025-11-24 02:55:35]   waiting 10 seconds for page to load
[2025-11-24 02:55:45]   Found: 53/72 detections
[2025-11-24 02:55:45] DETECTED: 53/72
[2025-11-24 02:55:47] 
[74/100] Checking: 5e87ad5361fff76a10d1800b26b97a0b67180e5e169ae95e8a88adf6ded6ad0e
[2025-11-24 02:55:47]   checking VirusTotal for: 5e87ad5361fff76a10d1800b26b97a0b67180e5e169ae95e8a88adf6ded6ad0e
[2025-11-24 02:55:48] WebDriver Created Successfully
[2025-11-24 02:55:48]   URL: https://www.virustotal.com/gui/search/5e87ad5361fff76a10d1800b26b97a0b67180e5e169ae95e8a88adf6ded6ad0e
[2025-11-24 02:55:51]   waiting 10 seconds for page to load
[2025-11-24 02:56:01]   Found: 56/71 detections
[2025-11-24 02:56:01] DETECTED: 56/71
[2025-11-24 02:56:03] 
[75/100] Checking: 62d6758131062cec041ceae5871f72e20c276cbe50dbb784119f79493244d0ae
[2025-11-24 02:56:03]   checking VirusTotal for: 62d6758131062cec041ceae5871f72e20c276cbe50dbb784119f79493244d0ae
[2025-11-24 02:56:05] WebDriver Created Successfully
[2025-11-24 02:56:05]   URL: https://www.virustotal.com/gui/search/62d6758131062cec041ceae5871f72e20c276cbe50dbb784119f79493244d0ae
[2025-11-24 02:56:08]   waiting 10 seconds for page to load
[2025-11-24 02:56:18]   Hash not found or no detection data!
[2025-11-24 02:56:18] NOT DETECTED in VirusTotal
[2025-11-24 02:56:20] 
[76/100] Checking: 313955f5b54228bff9e34d2c4302aae5bdb1a89d494ccb57bf94e808788e577c
[2025-11-24 02:56:20]   checking VirusTotal for: 313955f5b54228bff9e34d2c4302aae5bdb1a89d494ccb57bf94e808788e577c
[2025-11-24 02:56:22] WebDriver Created Successfully
[2025-11-24 02:56:22]   URL: https://www.virustotal.com/gui/search/313955f5b54228bff9e34d2c4302aae5bdb1a89d494ccb57bf94e808788e577c
[2025-11-24 02:56:25]   waiting 10 seconds for page to load
[2025-11-24 02:56:35]   Found: 45/70 detections
[2025-11-24 02:56:35] DETECTED: 45/70
[2025-11-24 02:56:37] 
[77/100] Checking: 50391f90e83462c736603b6bb5ae26fa5f328c40f2e3b05e696cb7129edf6e34
[2025-11-24 02:56:37]   checking VirusTotal for: 50391f90e83462c736603b6bb5ae26fa5f328c40f2e3b05e696cb7129edf6e34
[2025-11-24 02:56:39] WebDriver Created Successfully
[2025-11-24 02:56:39]   URL: https://www.virustotal.com/gui/search/50391f90e83462c736603b6bb5ae26fa5f328c40f2e3b05e696cb7129edf6e34
[2025-11-24 02:56:42]   waiting 10 seconds for page to load
[2025-11-24 02:56:52]   Found: 65/72 detections
[2025-11-24 02:56:52] DETECTED: 65/72
[2025-11-24 02:56:54] 
[78/100] Checking: ea317213b6e60347a0ff04e9971d52f23b6326e5ff10e011347e12e24f937c2c
[2025-11-24 02:56:54]   checking VirusTotal for: ea317213b6e60347a0ff04e9971d52f23b6326e5ff10e011347e12e24f937c2c
[2025-11-24 02:56:56] WebDriver Created Successfully
[2025-11-24 02:56:56]   URL: https://www.virustotal.com/gui/search/ea317213b6e60347a0ff04e9971d52f23b6326e5ff10e011347e12e24f937c2c
[2025-11-24 02:56:59]   waiting 10 seconds for page to load
[2025-11-24 02:57:09]   Found: 59/72 detections
[2025-11-24 02:57:09] DETECTED: 59/72
[2025-11-24 02:57:11] 
[79/100] Checking: 13d06c52dcd53b868c68d352949523376a22bce9f9787536dfdf4639e5ea5c0d
[2025-11-24 02:57:11]   checking VirusTotal for: 13d06c52dcd53b868c68d352949523376a22bce9f9787536dfdf4639e5ea5c0d
[2025-11-24 02:57:13] WebDriver Created Successfully
[2025-11-24 02:57:13]   URL: https://www.virustotal.com/gui/search/13d06c52dcd53b868c68d352949523376a22bce9f9787536dfdf4639e5ea5c0d
[2025-11-24 02:57:16]   waiting 10 seconds for page to load
[2025-11-24 02:57:26]   Found: 59/72 detections
[2025-11-24 02:57:26] DETECTED: 59/72
[2025-11-24 02:57:28] 
[80/100] Checking: 1958ad830c697392c00bd4ce5cd4c4344450ae70a04f5c117ada33507dc89ffa
[2025-11-24 02:57:28]   checking VirusTotal for: 1958ad830c697392c00bd4ce5cd4c4344450ae70a04f5c117ada33507dc89ffa
[2025-11-24 02:57:30] WebDriver Created Successfully
[2025-11-24 02:57:30]   URL: https://www.virustotal.com/gui/search/1958ad830c697392c00bd4ce5cd4c4344450ae70a04f5c117ada33507dc89ffa
[2025-11-24 02:57:33]   waiting 10 seconds for page to load
[2025-11-24 02:57:43]   Found: 63/72 detections
[2025-11-24 02:57:43] DETECTED: 63/72
[2025-11-24 02:57:45] 
⏸ Completed Batch 8/10
[2025-11-24 02:57:45] ⏸ Waiting 5 Minutes Before Next Batch
[2025-11-24 02:57:45]   300 seconds remaining
[2025-11-24 02:58:45]   240 seconds remaining
[2025-11-24 02:59:45]   180 seconds remaining
[2025-11-24 03:00:46]   120 seconds remaining
[2025-11-24 03:01:46]   60 seconds remaining
[2025-11-24 03:02:46] 5 minutes elapsed, continuing

[2025-11-24 03:02:46] 
--- Batch 9/10 (10 hashes) ---
[2025-11-24 03:02:46] 
[81/100] Checking: 8eeb4ec573d8bb5392996153990b8a792b88a3a7fb77c06a13987b18c39641d6
[2025-11-24 03:02:46]   checking VirusTotal for: 8eeb4ec573d8bb5392996153990b8a792b88a3a7fb77c06a13987b18c39641d6
[2025-11-24 03:02:48] WebDriver Created Successfully
[2025-11-24 03:02:48]   URL: https://www.virustotal.com/gui/search/8eeb4ec573d8bb5392996153990b8a792b88a3a7fb77c06a13987b18c39641d6
[2025-11-24 03:02:51]   waiting 10 seconds for page to load
[2025-11-24 03:03:01]   Found: 34/70 detections
[2025-11-24 03:03:02] DETECTED: 34/70
[2025-11-24 03:03:04] 
[82/100] Checking: 976947c4a8453e4e6c0a4f5f0a909f9ff490ed23acd4978d496657d918069c99
[2025-11-24 03:03:04]   checking VirusTotal for: 976947c4a8453e4e6c0a4f5f0a909f9ff490ed23acd4978d496657d918069c99
[2025-11-24 03:03:05] WebDriver Created Successfully
[2025-11-24 03:03:05]   URL: https://www.virustotal.com/gui/search/976947c4a8453e4e6c0a4f5f0a909f9ff490ed23acd4978d496657d918069c99
[2025-11-24 03:03:08]   waiting 10 seconds for page to load
[2025-11-24 03:03:18]   Found: 63/72 detections
[2025-11-24 03:03:18] DETECTED: 63/72
[2025-11-24 03:03:20] 
[83/100] Checking: d860954b6dad839442454f3d192b8b383f1dbaa97df5d844405a03913b99eac8
[2025-11-24 03:03:20]   checking VirusTotal for: d860954b6dad839442454f3d192b8b383f1dbaa97df5d844405a03913b99eac8
[2025-11-24 03:03:22] WebDriver Created Successfully
[2025-11-24 03:03:22]   URL: https://www.virustotal.com/gui/search/d860954b6dad839442454f3d192b8b383f1dbaa97df5d844405a03913b99eac8
[2025-11-24 03:03:25]   waiting 10 seconds for page to load
[2025-11-24 03:03:35]   Found: 68/70 detections
[2025-11-24 03:03:35] DETECTED: 68/70
[2025-11-24 03:03:37] 
[84/100] Checking: d5c55f18b1a7c01d3e4fb657b00aa677784640fef3c1742243a65ded07aeccc6
[2025-11-24 03:03:37]   checking VirusTotal for: d5c55f18b1a7c01d3e4fb657b00aa677784640fef3c1742243a65ded07aeccc6
[2025-11-24 03:03:39] WebDriver Created Successfully
[2025-11-24 03:03:39]   URL: https://www.virustotal.com/gui/search/d5c55f18b1a7c01d3e4fb657b00aa677784640fef3c1742243a65ded07aeccc6
[2025-11-24 03:03:42]   waiting 10 seconds for page to load
[2025-11-24 03:03:52]   Found: 22/63 detections
[2025-11-24 03:03:52] DETECTED: 22/63
[2025-11-24 03:03:54] 
[85/100] Checking: 1454c4c2b513ca1a536a6f0da2f9a1ec6a1a33d258413efd4a1105215aeccbe7
[2025-11-24 03:03:54]   checking VirusTotal for: 1454c4c2b513ca1a536a6f0da2f9a1ec6a1a33d258413efd4a1105215aeccbe7
[2025-11-24 03:03:56] WebDriver Created Successfully
[2025-11-24 03:03:56]   URL: https://www.virustotal.com/gui/search/1454c4c2b513ca1a536a6f0da2f9a1ec6a1a33d258413efd4a1105215aeccbe7
[2025-11-24 03:04:00]   waiting 10 seconds for page to load
[2025-11-24 03:04:10]   Found: 3/60 detections
[2025-11-24 03:04:10] DETECTED: 3/60
[2025-11-24 03:04:12] 
[86/100] Checking: 3693b5a46d2462187164263c8fbb9f5027967715b7cd65bac72ac1682de644ad
[2025-11-24 03:04:12]   checking VirusTotal for: 3693b5a46d2462187164263c8fbb9f5027967715b7cd65bac72ac1682de644ad
[2025-11-24 03:04:14] WebDriver Created Successfully
[2025-11-24 03:04:14]   URL: https://www.virustotal.com/gui/search/3693b5a46d2462187164263c8fbb9f5027967715b7cd65bac72ac1682de644ad
[2025-11-24 03:04:17]   waiting 10 seconds for page to load
[2025-11-24 03:04:27]   Found: 62/69 detections
[2025-11-24 03:04:27] DETECTED: 62/69
[2025-11-24 03:04:29] 
[87/100] Checking: 8c8057356ba25f5845de11586756f0322a3654f6705f6dbed9ecd90fc67dfece
[2025-11-24 03:04:29]   checking VirusTotal for: 8c8057356ba25f5845de11586756f0322a3654f6705f6dbed9ecd90fc67dfece
[2025-11-24 03:04:31] WebDriver Created Successfully
[2025-11-24 03:04:31]   URL: https://www.virustotal.com/gui/search/8c8057356ba25f5845de11586756f0322a3654f6705f6dbed9ecd90fc67dfece
[2025-11-24 03:04:34]   waiting 10 seconds for page to load
[2025-11-24 03:04:44]   Found: 37/72 detections
[2025-11-24 03:04:44] DETECTED: 37/72
[2025-11-24 03:04:46] 
[88/100] Checking: 9c28ab4b11e656bce1c6a98afb2f8e608149484c54e3393ec6fc3ecdab6cdaf4
[2025-11-24 03:04:46]   checking VirusTotal for: 9c28ab4b11e656bce1c6a98afb2f8e608149484c54e3393ec6fc3ecdab6cdaf4
[2025-11-24 03:04:48] WebDriver Created Successfully
[2025-11-24 03:04:48]   URL: https://www.virustotal.com/gui/search/9c28ab4b11e656bce1c6a98afb2f8e608149484c54e3393ec6fc3ecdab6cdaf4
[2025-11-24 03:04:51]   waiting 10 seconds for page to load
[2025-11-24 03:05:01]   Found: 22/62 detections
[2025-11-24 03:05:01] DETECTED: 22/62
[2025-11-24 03:05:03] 
[89/100] Checking: bef894e294ef5c1f544b33898e30eea390db88bfd752bb30c651ab0c52bef1a7
[2025-11-24 03:05:03]   checking VirusTotal for: bef894e294ef5c1f544b33898e30eea390db88bfd752bb30c651ab0c52bef1a7
[2025-11-24 03:05:05] WebDriver Created Successfully
[2025-11-24 03:05:05]   URL: https://www.virustotal.com/gui/search/bef894e294ef5c1f544b33898e30eea390db88bfd752bb30c651ab0c52bef1a7
[2025-11-24 03:05:08]   waiting 10 seconds for page to load
[2025-11-24 03:05:18]   Found: 44/63 detections
[2025-11-24 03:05:18] DETECTED: 44/63
[2025-11-24 03:05:20] 
[90/100] Checking: a624205430cc2c2bfbac3f26744bc741dece39dc1b40f2f9c298b2355846300f
[2025-11-24 03:05:20]   checking VirusTotal for: a624205430cc2c2bfbac3f26744bc741dece39dc1b40f2f9c298b2355846300f
[2025-11-24 03:05:23] WebDriver Created Successfully
[2025-11-24 03:05:23]   URL: https://www.virustotal.com/gui/search/a624205430cc2c2bfbac3f26744bc741dece39dc1b40f2f9c298b2355846300f
[2025-11-24 03:05:26]   waiting 10 seconds for page to load
[2025-11-24 03:05:37]   Found: 53/72 detections
[2025-11-24 03:05:37] DETECTED: 53/72
[2025-11-24 03:05:39] 
⏸ Completed Batch 9/10
[2025-11-24 03:05:39] ⏸ Waiting 5 Minutes Before Next Batch
[2025-11-24 03:05:39]   300 seconds remaining
[2025-11-24 03:06:39]   240 seconds remaining
[2025-11-24 03:07:39]   180 seconds remaining
[2025-11-24 03:08:39]   120 seconds remaining
[2025-11-24 03:09:39]   60 seconds remaining
[2025-11-24 03:10:39] 5 minutes elapsed, continuing

[2025-11-24 03:10:39] 
--- Batch 10/10 (10 hashes) ---
[2025-11-24 03:10:39] 
[91/100] Checking: a010249235149bde5db560cfe16a6355bb81eecda75c9c0f741f203587116afa
[2025-11-24 03:10:39]   checking VirusTotal for: a010249235149bde5db560cfe16a6355bb81eecda75c9c0f741f203587116afa
[2025-11-24 03:10:42] WebDriver Created Successfully
[2025-11-24 03:10:42]   URL: https://www.virustotal.com/gui/search/a010249235149bde5db560cfe16a6355bb81eecda75c9c0f741f203587116afa
[2025-11-24 03:10:45]   waiting 10 seconds for page to load
[2025-11-24 03:10:55]   Found: 56/72 detections
[2025-11-24 03:10:55] DETECTED: 56/72
[2025-11-24 03:10:57] 
[92/100] Checking: a209de0c1e19da5680dbaf81ac8bf49bfd772f574aa6906ba7b0b8e2de1cc374
[2025-11-24 03:10:57]   checking VirusTotal for: a209de0c1e19da5680dbaf81ac8bf49bfd772f574aa6906ba7b0b8e2de1cc374
[2025-11-24 03:10:59] WebDriver Created Successfully
[2025-11-24 03:10:59]   URL: https://www.virustotal.com/gui/search/a209de0c1e19da5680dbaf81ac8bf49bfd772f574aa6906ba7b0b8e2de1cc374
[2025-11-24 03:11:02]   waiting 10 seconds for page to load
[2025-11-24 03:11:12]   Found: 30/63 detections
[2025-11-24 03:11:12] DETECTED: 30/63
[2025-11-24 03:11:14] 
[93/100] Checking: bd51849dcbd3f72d37e51da6179d54b6d63015622d8a3d3ef0570b9c880dc18f
[2025-11-24 03:11:14]   checking VirusTotal for: bd51849dcbd3f72d37e51da6179d54b6d63015622d8a3d3ef0570b9c880dc18f
[2025-11-24 03:11:16] WebDriver Created Successfully
[2025-11-24 03:11:16]   URL: https://www.virustotal.com/gui/search/bd51849dcbd3f72d37e51da6179d54b6d63015622d8a3d3ef0570b9c880dc18f
[2025-11-24 03:11:19]   waiting 10 seconds for page to load
[2025-11-24 03:11:29]   Found: 59/66 detections
[2025-11-24 03:11:29] DETECTED: 59/66
[2025-11-24 03:11:31] 
[94/100] Checking: 4fd57c988fd17b5a088d2eb105fa3ec0df45e718287b470edff69c2666fd278c
[2025-11-24 03:11:31]   checking VirusTotal for: 4fd57c988fd17b5a088d2eb105fa3ec0df45e718287b470edff69c2666fd278c
[2025-11-24 03:11:33] WebDriver Created Successfully
[2025-11-24 03:11:33]   URL: https://www.virustotal.com/gui/search/4fd57c988fd17b5a088d2eb105fa3ec0df45e718287b470edff69c2666fd278c
[2025-11-24 03:11:36]   waiting 10 seconds for page to load
[2025-11-24 03:11:46]   Found: 63/72 detections
[2025-11-24 03:11:46] DETECTED: 63/72
[2025-11-24 03:11:48] 
[95/100] Checking: 03336e55e9bc4f0ae61098eeb358c36cf558683c457e7ccce374a61335df36d0
[2025-11-24 03:11:48]   checking VirusTotal for: 03336e55e9bc4f0ae61098eeb358c36cf558683c457e7ccce374a61335df36d0
[2025-11-24 03:11:50] WebDriver Created Successfully
[2025-11-24 03:11:50]   URL: https://www.virustotal.com/gui/search/03336e55e9bc4f0ae61098eeb358c36cf558683c457e7ccce374a61335df36d0
[2025-11-24 03:11:53]   waiting 10 seconds for page to load
[2025-11-24 03:12:03]   Found: 51/72 detections
[2025-11-24 03:12:03] DETECTED: 51/72
[2025-11-24 03:12:05] 
[96/100] Checking: 5e22792fb30f86c5b1ca67f90039dc4d77ab0079227e5b28b3ba6eb0721f8e8f
[2025-11-24 03:12:05]   checking VirusTotal for: 5e22792fb30f86c5b1ca67f90039dc4d77ab0079227e5b28b3ba6eb0721f8e8f
[2025-11-24 03:12:07] WebDriver Created Successfully
[2025-11-24 03:12:07]   URL: https://www.virustotal.com/gui/search/5e22792fb30f86c5b1ca67f90039dc4d77ab0079227e5b28b3ba6eb0721f8e8f
[2025-11-24 03:12:09]   waiting 10 seconds for page to load
[2025-11-24 03:12:20]   Hash not found or no detection data!
[2025-11-24 03:12:20] NOT DETECTED in VirusTotal
[2025-11-24 03:12:22] 
[97/100] Checking: 7a5bb8aea9de93a93318b7df1e85628af9b4231b09338ade7866887d4e6d9f98
[2025-11-24 03:12:22]   checking VirusTotal for: 7a5bb8aea9de93a93318b7df1e85628af9b4231b09338ade7866887d4e6d9f98
[2025-11-24 03:12:23] WebDriver Created Successfully
[2025-11-24 03:12:23]   URL: https://www.virustotal.com/gui/search/7a5bb8aea9de93a93318b7df1e85628af9b4231b09338ade7866887d4e6d9f98
[2025-11-24 03:12:26]   waiting 10 seconds for page to load
[2025-11-24 03:12:36]   Hash not found or no detection data!
[2025-11-24 03:12:37] NOT DETECTED in VirusTotal
[2025-11-24 03:12:39] 
[98/100] Checking: 2d0468eaec68d6c17264c34cd15097ad1f94e7b05b53ba0211ea71ada46767c7
[2025-11-24 03:12:39]   checking VirusTotal for: 2d0468eaec68d6c17264c34cd15097ad1f94e7b05b53ba0211ea71ada46767c7
[2025-11-24 03:12:40] WebDriver Created Successfully
[2025-11-24 03:12:40]   URL: https://www.virustotal.com/gui/search/2d0468eaec68d6c17264c34cd15097ad1f94e7b05b53ba0211ea71ada46767c7
[2025-11-24 03:12:43]   waiting 10 seconds for page to load
[2025-11-24 03:12:53]   Hash not found or no detection data!
[2025-11-24 03:12:53] NOT DETECTED in VirusTotal
[2025-11-24 03:12:55] 
[99/100] Checking: 79f1b87bfc5af79b8f06143852f79312740c1bf079b4ef0e86a97fe72b12e4c7
[2025-11-24 03:12:55]   checking VirusTotal for: 79f1b87bfc5af79b8f06143852f79312740c1bf079b4ef0e86a97fe72b12e4c7
[2025-11-24 03:12:57] WebDriver Created Successfully
[2025-11-24 03:12:57]   URL: https://www.virustotal.com/gui/search/79f1b87bfc5af79b8f06143852f79312740c1bf079b4ef0e86a97fe72b12e4c7
[2025-11-24 03:13:00]   waiting 10 seconds for page to load
[2025-11-24 03:13:10]   Hash not found or no detection data!
[2025-11-24 03:13:10] NOT DETECTED in VirusTotal
[2025-11-24 03:13:12] 
[100/100] Checking: f2fa42ddcbe57d2cf7d7dec3c0461b0cbdf6d6fa2ac937cce6d4c7980befbe0d
[2025-11-24 03:13:12]   checking VirusTotal for: f2fa42ddcbe57d2cf7d7dec3c0461b0cbdf6d6fa2ac937cce6d4c7980befbe0d
[2025-11-24 03:13:14] WebDriver Created Successfully
[2025-11-24 03:13:14]   URL: https://www.virustotal.com/gui/search/f2fa42ddcbe57d2cf7d7dec3c0461b0cbdf6d6fa2ac937cce6d4c7980befbe0d
[2025-11-24 03:13:16]   waiting 10 seconds for page to load
[2025-11-24 03:13:27]   Hash not found or no detection data!
[2025-11-24 03:13:27] NOT DETECTED in VirusTotal
[2025-11-24 03:13:29] 
Total Detected: 89
[2025-11-24 03:13:29] Total Not Detected: 10

[2025-11-24 03:13:29] ================================================================================
[2025-11-24 03:13:29] STEP 7: Waiting 10 Minutes Before Behavior Extraction
[2025-11-24 03:13:29] ================================================================================
[2025-11-24 03:13:29] 10 minutes elapsed

[2025-11-24 03:13:29] ================================================================================
[2025-11-24 03:13:29] STEP 8: Extracting Behavior Data (Batches of 10)
[2025-11-24 03:13:29] ================================================================================
[2025-11-24 03:13:29] 
--- Behavior Batch 1/9 (10 hashes) ---
[2025-11-24 03:13:29] 
[1/89] Extracting: 8844a1dd4728ebfec6e107268e57ef28a1ca0dea117627b3043d7e5fab5a60e4
[2025-11-24 03:13:29]   Scraping Behavior Data for: 8844a1dd4728ebfec6e107268e57ef28a1ca0dea117627b3043d7e5fab5a60e4
[2025-11-24 03:13:29]   Fetching Behavior Data for: 8844a1dd4728ebfec6e107268e57ef28a1ca0dea117627b3043d7e5fab5a60e4
[2025-11-24 03:13:30] WebDriver Created Successfully
[2025-11-24 03:13:30]   URL: https://www.virustotal.com/gui/file/8844a1dd4728ebfec6e107268e57ef28a1ca0dea117627b3043d7e5fab5a60e4/behavior
[2025-11-24 03:13:39]   Fetched Successfully
[2025-11-24 03:13:39]   Vendor Detections for 8844a1dd4728ebfec6e107268e57ef28a1ca0dea117627b3043d7e5fab5a60e4: 61/72
[2025-11-24 03:13:39] Successfully Saved: 8844a1dd4728ebfec6e107268e57ef28a1ca0dea117627b3043d7e5fab5a60e4
[2025-11-24 03:13:42] 
[2/89] Extracting: 560a3e1264aa447a680ac2deb7b8e71e2ec8c45a1e710e4ad3838396d82942a5
[2025-11-24 03:13:42]   Scraping Behavior Data for: 560a3e1264aa447a680ac2deb7b8e71e2ec8c45a1e710e4ad3838396d82942a5
[2025-11-24 03:13:42]   Fetching Behavior Data for: 560a3e1264aa447a680ac2deb7b8e71e2ec8c45a1e710e4ad3838396d82942a5
[2025-11-24 03:13:44] WebDriver Created Successfully
[2025-11-24 03:13:44]   URL: https://www.virustotal.com/gui/file/560a3e1264aa447a680ac2deb7b8e71e2ec8c45a1e710e4ad3838396d82942a5/behavior
[2025-11-24 03:13:52]   Fetched Successfully
[2025-11-24 03:13:52]   Vendor Detections for 560a3e1264aa447a680ac2deb7b8e71e2ec8c45a1e710e4ad3838396d82942a5: 31/62
[2025-11-24 03:13:52] Successfully Saved: 560a3e1264aa447a680ac2deb7b8e71e2ec8c45a1e710e4ad3838396d82942a5
[2025-11-24 03:13:55] 
[3/89] Extracting: c6f07447abbd6b06f423472ee836618cfab0d38b2b8db658939ef5aff3b290e1
[2025-11-24 03:13:55]   Scraping Behavior Data for: c6f07447abbd6b06f423472ee836618cfab0d38b2b8db658939ef5aff3b290e1
[2025-11-24 03:13:55]   Fetching Behavior Data for: c6f07447abbd6b06f423472ee836618cfab0d38b2b8db658939ef5aff3b290e1
[2025-11-24 03:13:57] WebDriver Created Successfully
[2025-11-24 03:13:57]   URL: https://www.virustotal.com/gui/file/c6f07447abbd6b06f423472ee836618cfab0d38b2b8db658939ef5aff3b290e1/behavior
[2025-11-24 03:14:05]   Fetched Successfully
[2025-11-24 03:14:06]   Vendor Detections for c6f07447abbd6b06f423472ee836618cfab0d38b2b8db658939ef5aff3b290e1: 61/72
[2025-11-24 03:14:06] Successfully Saved: c6f07447abbd6b06f423472ee836618cfab0d38b2b8db658939ef5aff3b290e1
[2025-11-24 03:14:09] 
[4/89] Extracting: c28b49bb5673deb40c8225c66e84a88306f2fc7be4e207a7cb668522e659ad2e
[2025-11-24 03:14:09]   Scraping Behavior Data for: c28b49bb5673deb40c8225c66e84a88306f2fc7be4e207a7cb668522e659ad2e
[2025-11-24 03:14:09]   Fetching Behavior Data for: c28b49bb5673deb40c8225c66e84a88306f2fc7be4e207a7cb668522e659ad2e
[2025-11-24 03:14:11] WebDriver Created Successfully
[2025-11-24 03:14:11]   URL: https://www.virustotal.com/gui/file/c28b49bb5673deb40c8225c66e84a88306f2fc7be4e207a7cb668522e659ad2e/behavior
[2025-11-24 03:14:19]   Fetched Successfully
[2025-11-24 03:14:20]   Vendor Detections for c28b49bb5673deb40c8225c66e84a88306f2fc7be4e207a7cb668522e659ad2e: 54/72
[2025-11-24 03:14:20] Failed to Extract: c28b49bb5673deb40c8225c66e84a88306f2fc7be4e207a7cb668522e659ad2e
[2025-11-24 03:14:23] 
[5/89] Extracting: 15196b1a08e4dfcad747eb56bcc7044104011277ce1c435a4bd1de5f48dd9b2d
[2025-11-24 03:14:23]   Scraping Behavior Data for: 15196b1a08e4dfcad747eb56bcc7044104011277ce1c435a4bd1de5f48dd9b2d
[2025-11-24 03:14:23]   Fetching Behavior Data for: 15196b1a08e4dfcad747eb56bcc7044104011277ce1c435a4bd1de5f48dd9b2d
[2025-11-24 03:14:24] WebDriver Created Successfully
[2025-11-24 03:14:24]   URL: https://www.virustotal.com/gui/file/15196b1a08e4dfcad747eb56bcc7044104011277ce1c435a4bd1de5f48dd9b2d/behavior
[2025-11-24 03:14:32]   Fetched Successfully
[2025-11-24 03:14:32]   Vendor Detections for 15196b1a08e4dfcad747eb56bcc7044104011277ce1c435a4bd1de5f48dd9b2d: 66/71
[2025-11-24 03:14:32] Failed to Extract: 15196b1a08e4dfcad747eb56bcc7044104011277ce1c435a4bd1de5f48dd9b2d
[2025-11-24 03:14:35] 
[6/89] Extracting: 42e4b4f9e119dff9be5cf64f1243b37d0e38832c7fbbeec01aed8f15a61d95a9
[2025-11-24 03:14:35]   Scraping Behavior Data for: 42e4b4f9e119dff9be5cf64f1243b37d0e38832c7fbbeec01aed8f15a61d95a9
[2025-11-24 03:14:35]   Fetching Behavior Data for: 42e4b4f9e119dff9be5cf64f1243b37d0e38832c7fbbeec01aed8f15a61d95a9
[2025-11-24 03:14:37] WebDriver Created Successfully
[2025-11-24 03:14:37]   URL: https://www.virustotal.com/gui/file/42e4b4f9e119dff9be5cf64f1243b37d0e38832c7fbbeec01aed8f15a61d95a9/behavior
[2025-11-24 03:14:45]   Fetched Successfully
[2025-11-24 03:14:45]   Vendor Detections for 42e4b4f9e119dff9be5cf64f1243b37d0e38832c7fbbeec01aed8f15a61d95a9: 61/71
[2025-11-24 03:14:45] Failed to Extract: 42e4b4f9e119dff9be5cf64f1243b37d0e38832c7fbbeec01aed8f15a61d95a9
[2025-11-24 03:14:48] 
[7/89] Extracting: 3156a9c4a5b3ec2b074d21be003eac19dcd8c1e15a7ed9592e219d36a971ca8f
[2025-11-24 03:14:48]   Scraping Behavior Data for: 3156a9c4a5b3ec2b074d21be003eac19dcd8c1e15a7ed9592e219d36a971ca8f
[2025-11-24 03:14:48]   Fetching Behavior Data for: 3156a9c4a5b3ec2b074d21be003eac19dcd8c1e15a7ed9592e219d36a971ca8f
[2025-11-24 03:14:50] WebDriver Created Successfully
[2025-11-24 03:14:50]   URL: https://www.virustotal.com/gui/file/3156a9c4a5b3ec2b074d21be003eac19dcd8c1e15a7ed9592e219d36a971ca8f/behavior
[2025-11-24 03:14:58]   Fetched Successfully
[2025-11-24 03:14:58]   Vendor Detections for 3156a9c4a5b3ec2b074d21be003eac19dcd8c1e15a7ed9592e219d36a971ca8f: 51/72
[2025-11-24 03:14:58] Failed to Extract: 3156a9c4a5b3ec2b074d21be003eac19dcd8c1e15a7ed9592e219d36a971ca8f
[2025-11-24 03:15:01] 
[8/89] Extracting: b0845a16016531e9d48453abb7e77fed004c9933b7ccc71dfa4999151c17c1a7
[2025-11-24 03:15:01]   Scraping Behavior Data for: b0845a16016531e9d48453abb7e77fed004c9933b7ccc71dfa4999151c17c1a7
[2025-11-24 03:15:01]   Fetching Behavior Data for: b0845a16016531e9d48453abb7e77fed004c9933b7ccc71dfa4999151c17c1a7
[2025-11-24 03:15:03] WebDriver Created Successfully
[2025-11-24 03:15:03]   URL: https://www.virustotal.com/gui/file/b0845a16016531e9d48453abb7e77fed004c9933b7ccc71dfa4999151c17c1a7/behavior
[2025-11-24 03:15:11]   Fetched Successfully
[2025-11-24 03:15:11]   Vendor Detections for b0845a16016531e9d48453abb7e77fed004c9933b7ccc71dfa4999151c17c1a7: 46/72
[2025-11-24 03:15:11] Failed to Extract: b0845a16016531e9d48453abb7e77fed004c9933b7ccc71dfa4999151c17c1a7
[2025-11-24 03:15:14] 
[9/89] Extracting: 4cced9b97754b924fe13183a07afb0fca7ba9ee3773ea1fccc6e00a29002e48f
[2025-11-24 03:15:14]   Scraping Behavior Data for: 4cced9b97754b924fe13183a07afb0fca7ba9ee3773ea1fccc6e00a29002e48f
[2025-11-24 03:15:14]   Fetching Behavior Data for: 4cced9b97754b924fe13183a07afb0fca7ba9ee3773ea1fccc6e00a29002e48f
[2025-11-24 03:15:16] WebDriver Created Successfully
[2025-11-24 03:15:16]   URL: https://www.virustotal.com/gui/file/4cced9b97754b924fe13183a07afb0fca7ba9ee3773ea1fccc6e00a29002e48f/behavior
[2025-11-24 03:15:24]   Fetched Successfully
[2025-11-24 03:15:24]   Vendor Detections for 4cced9b97754b924fe13183a07afb0fca7ba9ee3773ea1fccc6e00a29002e48f: 41/63
[2025-11-24 03:15:24] Failed to Extract: 4cced9b97754b924fe13183a07afb0fca7ba9ee3773ea1fccc6e00a29002e48f
[2025-11-24 03:15:27] 
[10/89] Extracting: a4e7aa3d0d72de841937365ff961ac2b77f1c1c105959e6213c1b5d872803aae
[2025-11-24 03:15:27]   Scraping Behavior Data for: a4e7aa3d0d72de841937365ff961ac2b77f1c1c105959e6213c1b5d872803aae
[2025-11-24 03:15:27]   Fetching Behavior Data for: a4e7aa3d0d72de841937365ff961ac2b77f1c1c105959e6213c1b5d872803aae
[2025-11-24 03:15:29] WebDriver Created Successfully
[2025-11-24 03:15:29]   URL: https://www.virustotal.com/gui/file/a4e7aa3d0d72de841937365ff961ac2b77f1c1c105959e6213c1b5d872803aae/behavior
[2025-11-24 03:15:38]   Fetched Successfully
[2025-11-24 03:15:38]   Vendor Detections for a4e7aa3d0d72de841937365ff961ac2b77f1c1c105959e6213c1b5d872803aae: 63/72
[2025-11-24 03:15:38] Failed to Extract: a4e7aa3d0d72de841937365ff961ac2b77f1c1c105959e6213c1b5d872803aae
[2025-11-24 03:15:41] 
⏸ Completed Behavior Batch 1/9
[2025-11-24 03:15:41] ⏸ Waiting 5 Minutes Before Next Batch
[2025-11-24 03:15:41]   300 seconds remaining
[2025-11-24 03:16:41]   240 seconds remaining
[2025-11-24 03:17:41]   180 seconds remaining
[2025-11-24 03:18:41]   120 seconds remaining
[2025-11-24 03:19:42]   60 seconds remaining
[2025-11-24 03:20:42] 5 minutes elapsed, continuing

[2025-11-24 03:20:42] 
--- Behavior Batch 2/9 (10 hashes) ---
[2025-11-24 03:20:42] 
[11/89] Extracting: 6b985b0df973f5b78bc62d7de3a83342b331b227b11404084c3373ba09901cee
[2025-11-24 03:20:42]   Scraping Behavior Data for: 6b985b0df973f5b78bc62d7de3a83342b331b227b11404084c3373ba09901cee
[2025-11-24 03:20:42]   Fetching Behavior Data for: 6b985b0df973f5b78bc62d7de3a83342b331b227b11404084c3373ba09901cee
[2025-11-24 03:20:44] WebDriver Created Successfully
[2025-11-24 03:20:44]   URL: https://www.virustotal.com/gui/file/6b985b0df973f5b78bc62d7de3a83342b331b227b11404084c3373ba09901cee/behavior
[2025-11-24 03:20:53]   Fetched Successfully
[2025-11-24 03:20:53]   Vendor Detections for 6b985b0df973f5b78bc62d7de3a83342b331b227b11404084c3373ba09901cee: 64/72
[2025-11-24 03:20:53] Failed to Extract: 6b985b0df973f5b78bc62d7de3a83342b331b227b11404084c3373ba09901cee
[2025-11-24 03:20:56] 
[12/89] Extracting: e6c563c09c5b0d3ece466e66741c73e24763c901a9511f2664128ba80ee653af
[2025-11-24 03:20:56]   Scraping Behavior Data for: e6c563c09c5b0d3ece466e66741c73e24763c901a9511f2664128ba80ee653af
[2025-11-24 03:20:56]   Fetching Behavior Data for: e6c563c09c5b0d3ece466e66741c73e24763c901a9511f2664128ba80ee653af
[2025-11-24 03:20:58] WebDriver Created Successfully
[2025-11-24 03:20:58]   URL: https://www.virustotal.com/gui/file/e6c563c09c5b0d3ece466e66741c73e24763c901a9511f2664128ba80ee653af/behavior
[2025-11-24 03:21:06]   Fetched Successfully
[2025-11-24 03:21:06]   Could not find vendor detection ratio, skipping!
[2025-11-24 03:21:06] Failed to Extract: e6c563c09c5b0d3ece466e66741c73e24763c901a9511f2664128ba80ee653af
[2025-11-24 03:21:09] 
[13/89] Extracting: b0e077df03106690aa484542d7354696bbf9becd8c00c9e348a38a438012b740
[2025-11-24 03:21:09]   Scraping Behavior Data for: b0e077df03106690aa484542d7354696bbf9becd8c00c9e348a38a438012b740
[2025-11-24 03:21:09]   Fetching Behavior Data for: b0e077df03106690aa484542d7354696bbf9becd8c00c9e348a38a438012b740
[2025-11-24 03:21:11] WebDriver Created Successfully
[2025-11-24 03:21:11]   URL: https://www.virustotal.com/gui/file/b0e077df03106690aa484542d7354696bbf9becd8c00c9e348a38a438012b740/behavior
[2025-11-24 03:21:18]   Fetched Successfully
[2025-11-24 03:21:18]   Could not find vendor detection ratio, skipping!
[2025-11-24 03:21:19] Failed to Extract: b0e077df03106690aa484542d7354696bbf9becd8c00c9e348a38a438012b740
[2025-11-24 03:21:22] 
[14/89] Extracting: 10fd0566842a37df4c8ba6444dbc8dacc08d43b26fead9e3719f57275db89662
[2025-11-24 03:21:22]   Scraping Behavior Data for: 10fd0566842a37df4c8ba6444dbc8dacc08d43b26fead9e3719f57275db89662
[2025-11-24 03:21:22]   Fetching Behavior Data for: 10fd0566842a37df4c8ba6444dbc8dacc08d43b26fead9e3719f57275db89662
[2025-11-24 03:21:24] WebDriver Created Successfully
[2025-11-24 03:21:24]   URL: https://www.virustotal.com/gui/file/10fd0566842a37df4c8ba6444dbc8dacc08d43b26fead9e3719f57275db89662/behavior
[2025-11-24 03:21:31]   Fetched Successfully
[2025-11-24 03:21:32]   Could not find vendor detection ratio, skipping!
[2025-11-24 03:21:32] Failed to Extract: 10fd0566842a37df4c8ba6444dbc8dacc08d43b26fead9e3719f57275db89662
[2025-11-24 03:21:35] 
[15/89] Extracting: f632aa12864f28ee90ffdce9dbb4ca53c8edc714c0619370e97a3f5524e7047a
[2025-11-24 03:21:35]   Scraping Behavior Data for: f632aa12864f28ee90ffdce9dbb4ca53c8edc714c0619370e97a3f5524e7047a
[2025-11-24 03:21:35]   Fetching Behavior Data for: f632aa12864f28ee90ffdce9dbb4ca53c8edc714c0619370e97a3f5524e7047a
[2025-11-24 03:21:36] WebDriver Created Successfully
[2025-11-24 03:21:36]   URL: https://www.virustotal.com/gui/file/f632aa12864f28ee90ffdce9dbb4ca53c8edc714c0619370e97a3f5524e7047a/behavior
[2025-11-24 03:21:44]   Fetched Successfully
[2025-11-24 03:21:44]   Could not find vendor detection ratio, skipping!
[2025-11-24 03:21:44] Failed to Extract: f632aa12864f28ee90ffdce9dbb4ca53c8edc714c0619370e97a3f5524e7047a
[2025-11-24 03:21:47] 
[16/89] Extracting: 3f5c1eedcdf3887b5b400a144d15e1da1d231b3cd270c5bcf661b375e4a857ab
[2025-11-24 03:21:47]   Scraping Behavior Data for: 3f5c1eedcdf3887b5b400a144d15e1da1d231b3cd270c5bcf661b375e4a857ab
[2025-11-24 03:21:47]   Fetching Behavior Data for: 3f5c1eedcdf3887b5b400a144d15e1da1d231b3cd270c5bcf661b375e4a857ab
[2025-11-24 03:21:50] WebDriver Created Successfully
[2025-11-24 03:21:50]   URL: https://www.virustotal.com/gui/file/3f5c1eedcdf3887b5b400a144d15e1da1d231b3cd270c5bcf661b375e4a857ab/behavior
[2025-11-24 03:21:58]   Fetched Successfully
[2025-11-24 03:21:58]   Could not find vendor detection ratio, skipping!
[2025-11-24 03:21:58] Failed to Extract: 3f5c1eedcdf3887b5b400a144d15e1da1d231b3cd270c5bcf661b375e4a857ab
[2025-11-24 03:22:01] 
[17/89] Extracting: 38cf393ca0396bc471523b8b01860b63857b0f454643485511e637feb49ab223
[2025-11-24 03:22:01]   Scraping Behavior Data for: 38cf393ca0396bc471523b8b01860b63857b0f454643485511e637feb49ab223
[2025-11-24 03:22:01]   Fetching Behavior Data for: 38cf393ca0396bc471523b8b01860b63857b0f454643485511e637feb49ab223
[2025-11-24 03:22:03] WebDriver Created Successfully
[2025-11-24 03:22:03]   URL: https://www.virustotal.com/gui/file/38cf393ca0396bc471523b8b01860b63857b0f454643485511e637feb49ab223/behavior
[2025-11-24 03:22:11]   Fetched Successfully
[2025-11-24 03:22:11]   Could not find vendor detection ratio, skipping!
[2025-11-24 03:22:11] Failed to Extract: 38cf393ca0396bc471523b8b01860b63857b0f454643485511e637feb49ab223
[2025-11-24 03:22:14] 
[18/89] Extracting: 7a2aa7939edd72a42eeedb556987deb4a38246cdced8c83886f9cb893394686e
[2025-11-24 03:22:14]   Scraping Behavior Data for: 7a2aa7939edd72a42eeedb556987deb4a38246cdced8c83886f9cb893394686e
[2025-11-24 03:22:14]   Fetching Behavior Data for: 7a2aa7939edd72a42eeedb556987deb4a38246cdced8c83886f9cb893394686e
[2025-11-24 03:22:16] WebDriver Created Successfully
[2025-11-24 03:22:16]   URL: https://www.virustotal.com/gui/file/7a2aa7939edd72a42eeedb556987deb4a38246cdced8c83886f9cb893394686e/behavior
[2025-11-24 03:22:23]   Fetched Successfully
[2025-11-24 03:22:24]   Could not find vendor detection ratio, skipping!
[2025-11-24 03:22:24] Failed to Extract: 7a2aa7939edd72a42eeedb556987deb4a38246cdced8c83886f9cb893394686e
[2025-11-24 03:22:27] 
[19/89] Extracting: aa572532ab1c8a731e7ba32e97ba180268eee8e6a74a2b9c4dc3efb669edb9af
[2025-11-24 03:22:27]   Scraping Behavior Data for: aa572532ab1c8a731e7ba32e97ba180268eee8e6a74a2b9c4dc3efb669edb9af
[2025-11-24 03:22:27]   Fetching Behavior Data for: aa572532ab1c8a731e7ba32e97ba180268eee8e6a74a2b9c4dc3efb669edb9af
[2025-11-24 03:22:28] WebDriver Created Successfully
[2025-11-24 03:22:28]   URL: https://www.virustotal.com/gui/file/aa572532ab1c8a731e7ba32e97ba180268eee8e6a74a2b9c4dc3efb669edb9af/behavior
[2025-11-24 03:22:36]   Fetched Successfully
[2025-11-24 03:22:36]   Could not find vendor detection ratio, skipping!
[2025-11-24 03:22:36] Failed to Extract: aa572532ab1c8a731e7ba32e97ba180268eee8e6a74a2b9c4dc3efb669edb9af
[2025-11-24 03:22:39] 
[20/89] Extracting: 094e6c7a079e2fbe0a5adef8a0263d950e6b1649b8414097d13a34101fcae9e7
[2025-11-24 03:22:39]   Scraping Behavior Data for: 094e6c7a079e2fbe0a5adef8a0263d950e6b1649b8414097d13a34101fcae9e7
[2025-11-24 03:22:39]   Fetching Behavior Data for: 094e6c7a079e2fbe0a5adef8a0263d950e6b1649b8414097d13a34101fcae9e7
[2025-11-24 03:22:41] WebDriver Created Successfully
[2025-11-24 03:22:41]   URL: https://www.virustotal.com/gui/file/094e6c7a079e2fbe0a5adef8a0263d950e6b1649b8414097d13a34101fcae9e7/behavior
[2025-11-24 03:22:49]   Fetched Successfully
[2025-11-24 03:22:49]   Could not find vendor detection ratio, skipping!
[2025-11-24 03:22:49] Failed to Extract: 094e6c7a079e2fbe0a5adef8a0263d950e6b1649b8414097d13a34101fcae9e7
[2025-11-24 03:22:52] 
⏸ Completed Behavior Batch 2/9
[2025-11-24 03:22:52] ⏸ Waiting 5 Minutes Before Next Batch
[2025-11-24 03:22:52]   300 seconds remaining
[2025-11-24 03:23:52]   240 seconds remaining
[2025-11-24 03:24:52]   180 seconds remaining
[2025-11-24 03:25:53]   120 seconds remaining
[2025-11-24 03:26:53]   60 seconds remaining
[2025-11-24 03:27:53] 5 minutes elapsed, continuing

[2025-11-24 03:27:53] 
--- Behavior Batch 3/9 (10 hashes) ---
[2025-11-24 03:27:53] 
[21/89] Extracting: 0c28e850c798fbe2795087f8e0ac10c1ace6d7a7fc0de7f303d08cc185021998
[2025-11-24 03:27:53]   Scraping Behavior Data for: 0c28e850c798fbe2795087f8e0ac10c1ace6d7a7fc0de7f303d08cc185021998
[2025-11-24 03:27:53]   Fetching Behavior Data for: 0c28e850c798fbe2795087f8e0ac10c1ace6d7a7fc0de7f303d08cc185021998
[2025-11-24 03:27:56] WebDriver Created Successfully
[2025-11-24 03:27:56]   URL: https://www.virustotal.com/gui/file/0c28e850c798fbe2795087f8e0ac10c1ace6d7a7fc0de7f303d08cc185021998/behavior
[2025-11-24 03:28:05]   Fetched Successfully
[2025-11-24 03:28:05]   Could not find vendor detection ratio, skipping!
[2025-11-24 03:28:05] Failed to Extract: 0c28e850c798fbe2795087f8e0ac10c1ace6d7a7fc0de7f303d08cc185021998
[2025-11-24 03:28:08] 
[22/89] Extracting: c50adcfe1afa21d18b8ced2ab1873e6fda049adcb933e6f5c421c9c78f90761d
[2025-11-24 03:28:08]   Scraping Behavior Data for: c50adcfe1afa21d18b8ced2ab1873e6fda049adcb933e6f5c421c9c78f90761d
[2025-11-24 03:28:08]   Fetching Behavior Data for: c50adcfe1afa21d18b8ced2ab1873e6fda049adcb933e6f5c421c9c78f90761d
[2025-11-24 03:28:10] WebDriver Created Successfully
[2025-11-24 03:28:10]   URL: https://www.virustotal.com/gui/file/c50adcfe1afa21d18b8ced2ab1873e6fda049adcb933e6f5c421c9c78f90761d/behavior
[2025-11-24 03:28:18]   Fetched Successfully
[2025-11-24 03:28:18]   Could not find vendor detection ratio, skipping!
[2025-11-24 03:28:18] Failed to Extract: c50adcfe1afa21d18b8ced2ab1873e6fda049adcb933e6f5c421c9c78f90761d
[2025-11-24 03:28:21] 
[23/89] Extracting: 42023c6d7cca789be7411fafa8c1962a5eb1f0a77bee5ddeb301b9dafe2a062f
[2025-11-24 03:28:21]   Scraping Behavior Data for: 42023c6d7cca789be7411fafa8c1962a5eb1f0a77bee5ddeb301b9dafe2a062f
[2025-11-24 03:28:21]   Fetching Behavior Data for: 42023c6d7cca789be7411fafa8c1962a5eb1f0a77bee5ddeb301b9dafe2a062f
[2025-11-24 03:28:23] WebDriver Created Successfully
[2025-11-24 03:28:23]   URL: https://www.virustotal.com/gui/file/42023c6d7cca789be7411fafa8c1962a5eb1f0a77bee5ddeb301b9dafe2a062f/behavior
[2025-11-24 03:28:31]   Fetched Successfully
[2025-11-24 03:28:31]   Could not find vendor detection ratio, skipping!
[2025-11-24 03:28:31] Failed to Extract: 42023c6d7cca789be7411fafa8c1962a5eb1f0a77bee5ddeb301b9dafe2a062f
[2025-11-24 03:28:34] 
[24/89] Extracting: e52d66e243aa3b3ad496baaa677c51698b62a7472925c20c5ef66000f4d09306
[2025-11-24 03:28:34]   Scraping Behavior Data for: e52d66e243aa3b3ad496baaa677c51698b62a7472925c20c5ef66000f4d09306
[2025-11-24 03:28:34]   Fetching Behavior Data for: e52d66e243aa3b3ad496baaa677c51698b62a7472925c20c5ef66000f4d09306
[2025-11-24 03:28:36] WebDriver Created Successfully
[2025-11-24 03:28:36]   URL: https://www.virustotal.com/gui/file/e52d66e243aa3b3ad496baaa677c51698b62a7472925c20c5ef66000f4d09306/behavior
[2025-11-24 03:28:44]   Fetched Successfully
[2025-11-24 03:28:44]   Could not find vendor detection ratio, skipping!
[2025-11-24 03:28:44] Failed to Extract: e52d66e243aa3b3ad496baaa677c51698b62a7472925c20c5ef66000f4d09306
[2025-11-24 03:28:47] 
[25/89] Extracting: e45089dbc4d090f899c3fd4fe79dff3453bd14430fb2d80287df86d0797d3019
[2025-11-24 03:28:47]   Scraping Behavior Data for: e45089dbc4d090f899c3fd4fe79dff3453bd14430fb2d80287df86d0797d3019
[2025-11-24 03:28:47]   Fetching Behavior Data for: e45089dbc4d090f899c3fd4fe79dff3453bd14430fb2d80287df86d0797d3019
[2025-11-24 03:28:49] WebDriver Created Successfully
[2025-11-24 03:28:49]   URL: https://www.virustotal.com/gui/file/e45089dbc4d090f899c3fd4fe79dff3453bd14430fb2d80287df86d0797d3019/behavior
[2025-11-24 03:28:57]   Fetched Successfully
[2025-11-24 03:28:57]   Could not find vendor detection ratio, skipping!
[2025-11-24 03:28:57] Failed to Extract: e45089dbc4d090f899c3fd4fe79dff3453bd14430fb2d80287df86d0797d3019
[2025-11-24 03:29:00] 
[26/89] Extracting: ac777820d6788a53007a67689e7377dacc38884f29cb60843c77263a108ccb33
[2025-11-24 03:29:00]   Scraping Behavior Data for: ac777820d6788a53007a67689e7377dacc38884f29cb60843c77263a108ccb33
[2025-11-24 03:29:00]   Fetching Behavior Data for: ac777820d6788a53007a67689e7377dacc38884f29cb60843c77263a108ccb33
[2025-11-24 03:29:02] WebDriver Created Successfully
[2025-11-24 03:29:02]   URL: https://www.virustotal.com/gui/file/ac777820d6788a53007a67689e7377dacc38884f29cb60843c77263a108ccb33/behavior
[2025-11-24 03:29:10]   Fetched Successfully
[2025-11-24 03:29:10]   Could not find vendor detection ratio, skipping!
[2025-11-24 03:29:10] Failed to Extract: ac777820d6788a53007a67689e7377dacc38884f29cb60843c77263a108ccb33
[2025-11-24 03:29:13] 
[27/89] Extracting: 893a25d90943571f810e05100e8044a0325415f82b3ef5cbdb4eda50a88c709d
[2025-11-24 03:29:13]   Scraping Behavior Data for: 893a25d90943571f810e05100e8044a0325415f82b3ef5cbdb4eda50a88c709d
[2025-11-24 03:29:13]   Fetching Behavior Data for: 893a25d90943571f810e05100e8044a0325415f82b3ef5cbdb4eda50a88c709d
[2025-11-24 03:29:15] WebDriver Created Successfully
[2025-11-24 03:29:15]   URL: https://www.virustotal.com/gui/file/893a25d90943571f810e05100e8044a0325415f82b3ef5cbdb4eda50a88c709d/behavior
[2025-11-24 03:29:23]   Fetched Successfully
[2025-11-24 03:29:23]   Could not find vendor detection ratio, skipping!
[2025-11-24 03:29:23] Failed to Extract: 893a25d90943571f810e05100e8044a0325415f82b3ef5cbdb4eda50a88c709d
[2025-11-24 03:29:26] 
[28/89] Extracting: 090db79b2060cbedf18d05b99e5de4cd9c96f9bee6eea731309c3ab4770bc233
[2025-11-24 03:29:26]   Scraping Behavior Data for: 090db79b2060cbedf18d05b99e5de4cd9c96f9bee6eea731309c3ab4770bc233
[2025-11-24 03:29:26]   Fetching Behavior Data for: 090db79b2060cbedf18d05b99e5de4cd9c96f9bee6eea731309c3ab4770bc233
[2025-11-24 03:29:28] WebDriver Created Successfully
[2025-11-24 03:29:28]   URL: https://www.virustotal.com/gui/file/090db79b2060cbedf18d05b99e5de4cd9c96f9bee6eea731309c3ab4770bc233/behavior
[2025-11-24 03:29:37]   Fetched Successfully
[2025-11-24 03:29:38]   Could not find vendor detection ratio, skipping!
[2025-11-24 03:29:38] Failed to Extract: 090db79b2060cbedf18d05b99e5de4cd9c96f9bee6eea731309c3ab4770bc233
[2025-11-24 03:29:41] 
[29/89] Extracting: 8eed1fc13275c2fbffc406d91992ac449e7667eb0c4d254397a76224e8b432d5
[2025-11-24 03:29:41]   Scraping Behavior Data for: 8eed1fc13275c2fbffc406d91992ac449e7667eb0c4d254397a76224e8b432d5
[2025-11-24 03:29:41]   Fetching Behavior Data for: 8eed1fc13275c2fbffc406d91992ac449e7667eb0c4d254397a76224e8b432d5
[2025-11-24 03:29:43] WebDriver Created Successfully
[2025-11-24 03:29:43]   URL: https://www.virustotal.com/gui/file/8eed1fc13275c2fbffc406d91992ac449e7667eb0c4d254397a76224e8b432d5/behavior
[2025-11-24 03:29:51]   Fetched Successfully
[2025-11-24 03:29:51]   Could not find vendor detection ratio, skipping!
[2025-11-24 03:29:51] Failed to Extract: 8eed1fc13275c2fbffc406d91992ac449e7667eb0c4d254397a76224e8b432d5
[2025-11-24 03:29:54] 
[30/89] Extracting: e4f1163ae08e51ea8206a3a88c24e7db04b18b6208ed3aef68caf0fdd0e23cd0
[2025-11-24 03:29:54]   Scraping Behavior Data for: e4f1163ae08e51ea8206a3a88c24e7db04b18b6208ed3aef68caf0fdd0e23cd0
[2025-11-24 03:29:54]   Fetching Behavior Data for: e4f1163ae08e51ea8206a3a88c24e7db04b18b6208ed3aef68caf0fdd0e23cd0
[2025-11-24 03:29:56] WebDriver Created Successfully
[2025-11-24 03:29:56]   URL: https://www.virustotal.com/gui/file/e4f1163ae08e51ea8206a3a88c24e7db04b18b6208ed3aef68caf0fdd0e23cd0/behavior
[2025-11-24 03:30:04]   Fetched Successfully
[2025-11-24 03:30:04]   Could not find vendor detection ratio, skipping!
[2025-11-24 03:30:04] Failed to Extract: e4f1163ae08e51ea8206a3a88c24e7db04b18b6208ed3aef68caf0fdd0e23cd0
[2025-11-24 03:30:07] 
⏸ Completed Behavior Batch 3/9
[2025-11-24 03:30:07] ⏸ Waiting 5 Minutes Before Next Batch
[2025-11-24 03:30:07]   300 seconds remaining
[2025-11-24 03:31:08]   240 seconds remaining
[2025-11-24 03:32:08]   180 seconds remaining
[2025-11-24 03:33:08]   120 seconds remaining
[2025-11-24 03:34:08]   60 seconds remaining
[2025-11-24 03:35:08] 5 minutes elapsed, continuing

[2025-11-24 03:35:08] 
--- Behavior Batch 4/9 (10 hashes) ---
[2025-11-24 03:35:08] 
[31/89] Extracting: 1936043f5cfcffbee69201b5d3c77696d3a1a017bf401b5093f8f10b27339f86
[2025-11-24 03:35:08]   Scraping Behavior Data for: 1936043f5cfcffbee69201b5d3c77696d3a1a017bf401b5093f8f10b27339f86
[2025-11-24 03:35:08]   Fetching Behavior Data for: 1936043f5cfcffbee69201b5d3c77696d3a1a017bf401b5093f8f10b27339f86
[2025-11-24 03:35:10] WebDriver Created Successfully
[2025-11-24 03:35:10]   URL: https://www.virustotal.com/gui/file/1936043f5cfcffbee69201b5d3c77696d3a1a017bf401b5093f8f10b27339f86/behavior
[2025-11-24 03:35:18]   Fetched Successfully
[2025-11-24 03:35:19]   Vendor Detections for 1936043f5cfcffbee69201b5d3c77696d3a1a017bf401b5093f8f10b27339f86: 62/72
[2025-11-24 03:35:19] Successfully Saved: 1936043f5cfcffbee69201b5d3c77696d3a1a017bf401b5093f8f10b27339f86
[2025-11-24 03:35:22] 
[32/89] Extracting: 1ca9b7e7740770ca5f710193adcc9db9f7c3a1b5b5b188cfb21b8c1d1c1acb85
[2025-11-24 03:35:22]   Scraping Behavior Data for: 1ca9b7e7740770ca5f710193adcc9db9f7c3a1b5b5b188cfb21b8c1d1c1acb85
[2025-11-24 03:35:22]   Fetching Behavior Data for: 1ca9b7e7740770ca5f710193adcc9db9f7c3a1b5b5b188cfb21b8c1d1c1acb85
[2025-11-24 03:35:24] WebDriver Created Successfully
[2025-11-24 03:35:24]   URL: https://www.virustotal.com/gui/file/1ca9b7e7740770ca5f710193adcc9db9f7c3a1b5b5b188cfb21b8c1d1c1acb85/behavior
[2025-11-24 03:35:32]   Fetched Successfully
[2025-11-24 03:35:32]   Vendor Detections for 1ca9b7e7740770ca5f710193adcc9db9f7c3a1b5b5b188cfb21b8c1d1c1acb85: 33/69
[2025-11-24 03:35:32] Successfully Saved: 1ca9b7e7740770ca5f710193adcc9db9f7c3a1b5b5b188cfb21b8c1d1c1acb85
[2025-11-24 03:35:35] 
[33/89] Extracting: 2f49b12713e04402d11c6c76e32f3000235dd95ea2f53d8f28d00321911d3224
[2025-11-24 03:35:36]   Scraping Behavior Data for: 2f49b12713e04402d11c6c76e32f3000235dd95ea2f53d8f28d00321911d3224
[2025-11-24 03:35:36]   Fetching Behavior Data for: 2f49b12713e04402d11c6c76e32f3000235dd95ea2f53d8f28d00321911d3224
[2025-11-24 03:35:37] WebDriver Created Successfully
[2025-11-24 03:35:37]   URL: https://www.virustotal.com/gui/file/2f49b12713e04402d11c6c76e32f3000235dd95ea2f53d8f28d00321911d3224/behavior
[2025-11-24 03:35:45]   Fetched Successfully
[2025-11-24 03:35:46]   Vendor Detections for 2f49b12713e04402d11c6c76e32f3000235dd95ea2f53d8f28d00321911d3224: 30/72
[2025-11-24 03:35:46] Successfully Saved: 2f49b12713e04402d11c6c76e32f3000235dd95ea2f53d8f28d00321911d3224
[2025-11-24 03:35:49] 
[34/89] Extracting: 8d38329fdace4e9755463d8d34068fed75b0393ce504423d4d4d247bae6b8682
[2025-11-24 03:35:49]   Scraping Behavior Data for: 8d38329fdace4e9755463d8d34068fed75b0393ce504423d4d4d247bae6b8682
[2025-11-24 03:35:49]   Fetching Behavior Data for: 8d38329fdace4e9755463d8d34068fed75b0393ce504423d4d4d247bae6b8682
[2025-11-24 03:35:50] WebDriver Created Successfully
[2025-11-24 03:35:50]   URL: https://www.virustotal.com/gui/file/8d38329fdace4e9755463d8d34068fed75b0393ce504423d4d4d247bae6b8682/behavior
[2025-11-24 03:35:58]   Fetched Successfully
[2025-11-24 03:35:59]   Vendor Detections for 8d38329fdace4e9755463d8d34068fed75b0393ce504423d4d4d247bae6b8682: 64/72
[2025-11-24 03:35:59] Successfully Saved: 8d38329fdace4e9755463d8d34068fed75b0393ce504423d4d4d247bae6b8682
[2025-11-24 03:36:02] 
[35/89] Extracting: 6a9918bc9f5715564a819a2cf77b0e800528ef40dce33dec9bf9fb97d0dfd3f2
[2025-11-24 03:36:02]   Scraping Behavior Data for: 6a9918bc9f5715564a819a2cf77b0e800528ef40dce33dec9bf9fb97d0dfd3f2
[2025-11-24 03:36:02]   Fetching Behavior Data for: 6a9918bc9f5715564a819a2cf77b0e800528ef40dce33dec9bf9fb97d0dfd3f2
[2025-11-24 03:36:04] WebDriver Created Successfully
[2025-11-24 03:36:04]   URL: https://www.virustotal.com/gui/file/6a9918bc9f5715564a819a2cf77b0e800528ef40dce33dec9bf9fb97d0dfd3f2/behavior
[2025-11-24 03:36:11]   Fetched Successfully
[2025-11-24 03:36:12]   Vendor Detections for 6a9918bc9f5715564a819a2cf77b0e800528ef40dce33dec9bf9fb97d0dfd3f2: 9/70
[2025-11-24 03:36:12] Successfully Saved: 6a9918bc9f5715564a819a2cf77b0e800528ef40dce33dec9bf9fb97d0dfd3f2
[2025-11-24 03:36:15] 
[36/89] Extracting: b13048d8ed3641a2ba560a5911daf0071c9c3086da07a31d0a3abc036cf9bce2
[2025-11-24 03:36:15]   Scraping Behavior Data for: b13048d8ed3641a2ba560a5911daf0071c9c3086da07a31d0a3abc036cf9bce2
[2025-11-24 03:36:15]   Fetching Behavior Data for: b13048d8ed3641a2ba560a5911daf0071c9c3086da07a31d0a3abc036cf9bce2
[2025-11-24 03:36:17] WebDriver Created Successfully
[2025-11-24 03:36:17]   URL: https://www.virustotal.com/gui/file/b13048d8ed3641a2ba560a5911daf0071c9c3086da07a31d0a3abc036cf9bce2/behavior
[2025-11-24 03:36:25]   Fetched Successfully
[2025-11-24 03:36:25]   Vendor Detections for b13048d8ed3641a2ba560a5911daf0071c9c3086da07a31d0a3abc036cf9bce2: 58/72
[2025-11-24 03:36:25] Successfully Saved: b13048d8ed3641a2ba560a5911daf0071c9c3086da07a31d0a3abc036cf9bce2
[2025-11-24 03:36:28] 
[37/89] Extracting: fb4a446c596738e3d6cbc22a399a32ecaf70803c6a1b319dd5d999fddbdafc85
[2025-11-24 03:36:28]   Scraping Behavior Data for: fb4a446c596738e3d6cbc22a399a32ecaf70803c6a1b319dd5d999fddbdafc85
[2025-11-24 03:36:28]   Fetching Behavior Data for: fb4a446c596738e3d6cbc22a399a32ecaf70803c6a1b319dd5d999fddbdafc85
[2025-11-24 03:36:30] WebDriver Created Successfully
[2025-11-24 03:36:30]   URL: https://www.virustotal.com/gui/file/fb4a446c596738e3d6cbc22a399a32ecaf70803c6a1b319dd5d999fddbdafc85/behavior
[2025-11-24 03:36:38]   Fetched Successfully
[2025-11-24 03:36:38]   Vendor Detections for fb4a446c596738e3d6cbc22a399a32ecaf70803c6a1b319dd5d999fddbdafc85: 54/65
[2025-11-24 03:36:38] Successfully Saved: fb4a446c596738e3d6cbc22a399a32ecaf70803c6a1b319dd5d999fddbdafc85
[2025-11-24 03:36:41] 
[38/89] Extracting: 5563a5a7ddfa4ed29b594e9b1f0c7c528c1d6f398caf7bc80cfb4a883700dfe4
[2025-11-24 03:36:41]   Scraping Behavior Data for: 5563a5a7ddfa4ed29b594e9b1f0c7c528c1d6f398caf7bc80cfb4a883700dfe4
[2025-11-24 03:36:41]   Fetching Behavior Data for: 5563a5a7ddfa4ed29b594e9b1f0c7c528c1d6f398caf7bc80cfb4a883700dfe4
[2025-11-24 03:36:43] WebDriver Created Successfully
[2025-11-24 03:36:43]   URL: https://www.virustotal.com/gui/file/5563a5a7ddfa4ed29b594e9b1f0c7c528c1d6f398caf7bc80cfb4a883700dfe4/behavior
[2025-11-24 03:36:51]   Fetched Successfully
[2025-11-24 03:36:52]   Vendor Detections for 5563a5a7ddfa4ed29b594e9b1f0c7c528c1d6f398caf7bc80cfb4a883700dfe4: 25/62
[2025-11-24 03:36:52] Successfully Saved: 5563a5a7ddfa4ed29b594e9b1f0c7c528c1d6f398caf7bc80cfb4a883700dfe4
[2025-11-24 03:36:55] 
[39/89] Extracting: 749206ac12f2fdebf5370e7f442fabae15bd086d136ccbab7698f3c37ff8625b
[2025-11-24 03:36:55]   Scraping Behavior Data for: 749206ac12f2fdebf5370e7f442fabae15bd086d136ccbab7698f3c37ff8625b
[2025-11-24 03:36:55]   Fetching Behavior Data for: 749206ac12f2fdebf5370e7f442fabae15bd086d136ccbab7698f3c37ff8625b
[2025-11-24 03:36:56] WebDriver Created Successfully
[2025-11-24 03:36:56]   URL: https://www.virustotal.com/gui/file/749206ac12f2fdebf5370e7f442fabae15bd086d136ccbab7698f3c37ff8625b/behavior
[2025-11-24 03:37:04]   Fetched Successfully
[2025-11-24 03:37:04]   Vendor Detections for 749206ac12f2fdebf5370e7f442fabae15bd086d136ccbab7698f3c37ff8625b: 66/72
[2025-11-24 03:37:04] Successfully Saved: 749206ac12f2fdebf5370e7f442fabae15bd086d136ccbab7698f3c37ff8625b
[2025-11-24 03:37:07] 
[40/89] Extracting: c5b1f3043cd8f49fa1885c7a4457da8b6031e49fb22c47b1670a66d2a86cade9
[2025-11-24 03:37:07]   Scraping Behavior Data for: c5b1f3043cd8f49fa1885c7a4457da8b6031e49fb22c47b1670a66d2a86cade9
[2025-11-24 03:37:07]   Fetching Behavior Data for: c5b1f3043cd8f49fa1885c7a4457da8b6031e49fb22c47b1670a66d2a86cade9
[2025-11-24 03:37:09] WebDriver Created Successfully
[2025-11-24 03:37:09]   URL: https://www.virustotal.com/gui/file/c5b1f3043cd8f49fa1885c7a4457da8b6031e49fb22c47b1670a66d2a86cade9/behavior
[2025-11-24 03:37:17]   Fetched Successfully
[2025-11-24 03:37:18]   Vendor Detections for c5b1f3043cd8f49fa1885c7a4457da8b6031e49fb22c47b1670a66d2a86cade9: 57/72
[2025-11-24 03:37:18] Successfully Saved: c5b1f3043cd8f49fa1885c7a4457da8b6031e49fb22c47b1670a66d2a86cade9
[2025-11-24 03:37:21] 
⏸ Completed Behavior Batch 4/9
[2025-11-24 03:37:21] ⏸ Waiting 5 Minutes Before Next Batch
[2025-11-24 03:37:21]   300 seconds remaining
[2025-11-24 03:38:21]   240 seconds remaining
[2025-11-24 03:39:21]   180 seconds remaining
[2025-11-24 03:40:21]   120 seconds remaining
[2025-11-24 03:41:21]   60 seconds remaining
[2025-11-24 03:42:21] 5 minutes elapsed, continuing

[2025-11-24 03:42:21] 
--- Behavior Batch 5/9 (10 hashes) ---
[2025-11-24 03:42:21] 
[41/89] Extracting: 35c4d18ca800986a7662dcdbc6d2c7865d3567aadb1f08af05cf1e9cf41c1adc
[2025-11-24 03:42:21]   Scraping Behavior Data for: 35c4d18ca800986a7662dcdbc6d2c7865d3567aadb1f08af05cf1e9cf41c1adc
[2025-11-24 03:42:21]   Fetching Behavior Data for: 35c4d18ca800986a7662dcdbc6d2c7865d3567aadb1f08af05cf1e9cf41c1adc
[2025-11-24 03:42:25] WebDriver Created Successfully
[2025-11-24 03:42:25]   URL: https://www.virustotal.com/gui/file/35c4d18ca800986a7662dcdbc6d2c7865d3567aadb1f08af05cf1e9cf41c1adc/behavior
[2025-11-24 03:42:43]   Fetched Successfully
[2025-11-24 03:42:44]   Vendor Detections for 35c4d18ca800986a7662dcdbc6d2c7865d3567aadb1f08af05cf1e9cf41c1adc: 26/63
[2025-11-24 03:42:44] Successfully Saved: 35c4d18ca800986a7662dcdbc6d2c7865d3567aadb1f08af05cf1e9cf41c1adc
[2025-11-24 03:42:47] 
[42/89] Extracting: 1efedb414b879c08a4bbfa50efc8b2842886c4d4a6105f6ed8237639a7955eec
[2025-11-24 03:42:47]   Scraping Behavior Data for: 1efedb414b879c08a4bbfa50efc8b2842886c4d4a6105f6ed8237639a7955eec
[2025-11-24 03:42:47]   Fetching Behavior Data for: 1efedb414b879c08a4bbfa50efc8b2842886c4d4a6105f6ed8237639a7955eec
[2025-11-24 03:42:49] WebDriver Created Successfully
[2025-11-24 03:42:49]   URL: https://www.virustotal.com/gui/file/1efedb414b879c08a4bbfa50efc8b2842886c4d4a6105f6ed8237639a7955eec/behavior
[2025-11-24 03:43:02]   Fetched Successfully
[2025-11-24 03:43:02]   Vendor Detections for 1efedb414b879c08a4bbfa50efc8b2842886c4d4a6105f6ed8237639a7955eec: 63/72
[2025-11-24 03:43:02] Successfully Saved: 1efedb414b879c08a4bbfa50efc8b2842886c4d4a6105f6ed8237639a7955eec
[2025-11-24 03:43:05] 
[43/89] Extracting: 1253c77de47edfe92e3bbc2a3f33c4359dc9ca7f993a37e0448d96fa3dbe0ecf
[2025-11-24 03:43:05]   Scraping Behavior Data for: 1253c77de47edfe92e3bbc2a3f33c4359dc9ca7f993a37e0448d96fa3dbe0ecf
[2025-11-24 03:43:05]   Fetching Behavior Data for: 1253c77de47edfe92e3bbc2a3f33c4359dc9ca7f993a37e0448d96fa3dbe0ecf
[2025-11-24 03:43:08] WebDriver Created Successfully
[2025-11-24 03:43:08]   URL: https://www.virustotal.com/gui/file/1253c77de47edfe92e3bbc2a3f33c4359dc9ca7f993a37e0448d96fa3dbe0ecf/behavior
[2025-11-24 03:43:20]   Fetched Successfully
[2025-11-24 03:43:21]   Vendor Detections for 1253c77de47edfe92e3bbc2a3f33c4359dc9ca7f993a37e0448d96fa3dbe0ecf: 13/55
[2025-11-24 03:43:21] Successfully Saved: 1253c77de47edfe92e3bbc2a3f33c4359dc9ca7f993a37e0448d96fa3dbe0ecf
[2025-11-24 03:43:24] 
[44/89] Extracting: 8f595816b847e22356a442bc2d58d50daacde42d6cefeeee46b64b6616313e04
[2025-11-24 03:43:24]   Scraping Behavior Data for: 8f595816b847e22356a442bc2d58d50daacde42d6cefeeee46b64b6616313e04
[2025-11-24 03:43:24]   Fetching Behavior Data for: 8f595816b847e22356a442bc2d58d50daacde42d6cefeeee46b64b6616313e04
[2025-11-24 03:43:26] WebDriver Created Successfully
[2025-11-24 03:43:26]   URL: https://www.virustotal.com/gui/file/8f595816b847e22356a442bc2d58d50daacde42d6cefeeee46b64b6616313e04/behavior
[2025-11-24 03:43:35]   Fetched Successfully
[2025-11-24 03:43:35]   Vendor Detections for 8f595816b847e22356a442bc2d58d50daacde42d6cefeeee46b64b6616313e04: 29/62
[2025-11-24 03:43:35] Successfully Saved: 8f595816b847e22356a442bc2d58d50daacde42d6cefeeee46b64b6616313e04
[2025-11-24 03:43:38] 
[45/89] Extracting: 1a01b4ec04503af3b94b8703d77b0659d10993f006532a4c92799772748f7631
[2025-11-24 03:43:38]   Scraping Behavior Data for: 1a01b4ec04503af3b94b8703d77b0659d10993f006532a4c92799772748f7631
[2025-11-24 03:43:38]   Fetching Behavior Data for: 1a01b4ec04503af3b94b8703d77b0659d10993f006532a4c92799772748f7631
[2025-11-24 03:43:40] WebDriver Created Successfully
[2025-11-24 03:43:40]   URL: https://www.virustotal.com/gui/file/1a01b4ec04503af3b94b8703d77b0659d10993f006532a4c92799772748f7631/behavior
[2025-11-24 03:43:48]   Fetched Successfully
[2025-11-24 03:43:48]   Vendor Detections for 1a01b4ec04503af3b94b8703d77b0659d10993f006532a4c92799772748f7631: 14/69
[2025-11-24 03:43:48] Successfully Saved: 1a01b4ec04503af3b94b8703d77b0659d10993f006532a4c92799772748f7631
[2025-11-24 03:43:51] 
[46/89] Extracting: 061469b2aa9aa1528f939be37ac60a60fc7c3c3ef3290968ace82b8ad9bc751f
[2025-11-24 03:43:51]   Scraping Behavior Data for: 061469b2aa9aa1528f939be37ac60a60fc7c3c3ef3290968ace82b8ad9bc751f
[2025-11-24 03:43:51]   Fetching Behavior Data for: 061469b2aa9aa1528f939be37ac60a60fc7c3c3ef3290968ace82b8ad9bc751f
[2025-11-24 03:43:53] WebDriver Created Successfully
[2025-11-24 03:43:53]   URL: https://www.virustotal.com/gui/file/061469b2aa9aa1528f939be37ac60a60fc7c3c3ef3290968ace82b8ad9bc751f/behavior
[2025-11-24 03:44:02]   Fetched Successfully
[2025-11-24 03:44:02]   Vendor Detections for 061469b2aa9aa1528f939be37ac60a60fc7c3c3ef3290968ace82b8ad9bc751f: 42/63
[2025-11-24 03:44:02] Failed to Extract: 061469b2aa9aa1528f939be37ac60a60fc7c3c3ef3290968ace82b8ad9bc751f
[2025-11-24 03:44:05] 
[47/89] Extracting: 42205fbc37645d29c641a3de01bce84d0945cc81baf34b435975449b3f4e9629
[2025-11-24 03:44:05]   Scraping Behavior Data for: 42205fbc37645d29c641a3de01bce84d0945cc81baf34b435975449b3f4e9629
[2025-11-24 03:44:05]   Fetching Behavior Data for: 42205fbc37645d29c641a3de01bce84d0945cc81baf34b435975449b3f4e9629
[2025-11-24 03:44:07] WebDriver Created Successfully
[2025-11-24 03:44:07]   URL: https://www.virustotal.com/gui/file/42205fbc37645d29c641a3de01bce84d0945cc81baf34b435975449b3f4e9629/behavior
[2025-11-24 03:44:17]   Fetched Successfully
[2025-11-24 03:44:17]   Vendor Detections for 42205fbc37645d29c641a3de01bce84d0945cc81baf34b435975449b3f4e9629: 35/63
[2025-11-24 03:44:17] Successfully Saved: 42205fbc37645d29c641a3de01bce84d0945cc81baf34b435975449b3f4e9629
[2025-11-24 03:44:20] 
[48/89] Extracting: f79d53b259ccbd8c269cc4c9d5bb82b220b7d901c5b753efa430a639d3f86068
[2025-11-24 03:44:20]   Scraping Behavior Data for: f79d53b259ccbd8c269cc4c9d5bb82b220b7d901c5b753efa430a639d3f86068
[2025-11-24 03:44:20]   Fetching Behavior Data for: f79d53b259ccbd8c269cc4c9d5bb82b220b7d901c5b753efa430a639d3f86068
[2025-11-24 03:44:21] WebDriver Created Successfully
[2025-11-24 03:44:21]   URL: https://www.virustotal.com/gui/file/f79d53b259ccbd8c269cc4c9d5bb82b220b7d901c5b753efa430a639d3f86068/behavior
[2025-11-24 03:44:30]   Fetched Successfully
[2025-11-24 03:44:30]   Vendor Detections for f79d53b259ccbd8c269cc4c9d5bb82b220b7d901c5b753efa430a639d3f86068: 62/69
[2025-11-24 03:44:30] Successfully Saved: f79d53b259ccbd8c269cc4c9d5bb82b220b7d901c5b753efa430a639d3f86068
[2025-11-24 03:44:33] 
[49/89] Extracting: 6ad0d2fb325610cf4cd3db6903ce4e548a23f945d8d8387be582313706ed8424
[2025-11-24 03:44:33]   Scraping Behavior Data for: 6ad0d2fb325610cf4cd3db6903ce4e548a23f945d8d8387be582313706ed8424
[2025-11-24 03:44:33]   Fetching Behavior Data for: 6ad0d2fb325610cf4cd3db6903ce4e548a23f945d8d8387be582313706ed8424
[2025-11-24 03:44:35] WebDriver Created Successfully
[2025-11-24 03:44:35]   URL: https://www.virustotal.com/gui/file/6ad0d2fb325610cf4cd3db6903ce4e548a23f945d8d8387be582313706ed8424/behavior
[2025-11-24 03:44:43]   Fetched Successfully
[2025-11-24 03:44:43]   Vendor Detections for 6ad0d2fb325610cf4cd3db6903ce4e548a23f945d8d8387be582313706ed8424: 66/72
[2025-11-24 03:44:43] Successfully Saved: 6ad0d2fb325610cf4cd3db6903ce4e548a23f945d8d8387be582313706ed8424
[2025-11-24 03:44:46] 
[50/89] Extracting: 8e2a2dc3cfb53da2352439b230ccf315c257ceb99e7c1cc99b48e41f435d7f51
[2025-11-24 03:44:46]   Scraping Behavior Data for: 8e2a2dc3cfb53da2352439b230ccf315c257ceb99e7c1cc99b48e41f435d7f51
[2025-11-24 03:44:46]   Fetching Behavior Data for: 8e2a2dc3cfb53da2352439b230ccf315c257ceb99e7c1cc99b48e41f435d7f51
[2025-11-24 03:44:48] WebDriver Created Successfully
[2025-11-24 03:44:48]   URL: https://www.virustotal.com/gui/file/8e2a2dc3cfb53da2352439b230ccf315c257ceb99e7c1cc99b48e41f435d7f51/behavior
[2025-11-24 03:44:57]   Fetched Successfully
[2025-11-24 03:44:57]   Vendor Detections for 8e2a2dc3cfb53da2352439b230ccf315c257ceb99e7c1cc99b48e41f435d7f51: 53/72
[2025-11-24 03:44:57] Successfully Saved: 8e2a2dc3cfb53da2352439b230ccf315c257ceb99e7c1cc99b48e41f435d7f51
[2025-11-24 03:45:00] 
⏸ Completed Behavior Batch 5/9
[2025-11-24 03:45:00] ⏸ Waiting 5 Minutes Before Next Batch
[2025-11-24 03:45:00]   300 seconds remaining
[2025-11-24 03:46:00]   240 seconds remaining
[2025-11-24 03:47:01]   180 seconds remaining
[2025-11-24 03:48:01]   120 seconds remaining
[2025-11-24 03:49:01]   60 seconds remaining
[2025-11-24 03:50:01] 5 minutes elapsed, continuing

[2025-11-24 03:50:01] 
--- Behavior Batch 6/9 (10 hashes) ---
[2025-11-24 03:50:01] 
[51/89] Extracting: a753a8311a541d4e41a828b105da2d84f51038188cee19e3613d2130098497a6
[2025-11-24 03:50:01]   Scraping Behavior Data for: a753a8311a541d4e41a828b105da2d84f51038188cee19e3613d2130098497a6
[2025-11-24 03:50:01]   Fetching Behavior Data for: a753a8311a541d4e41a828b105da2d84f51038188cee19e3613d2130098497a6
[2025-11-24 03:50:04] WebDriver Created Successfully
[2025-11-24 03:50:04]   URL: https://www.virustotal.com/gui/file/a753a8311a541d4e41a828b105da2d84f51038188cee19e3613d2130098497a6/behavior
[2025-11-24 03:50:12]   Fetched Successfully
[2025-11-24 03:50:13]   Vendor Detections for a753a8311a541d4e41a828b105da2d84f51038188cee19e3613d2130098497a6: 51/67
[2025-11-24 03:50:13] Successfully Saved: a753a8311a541d4e41a828b105da2d84f51038188cee19e3613d2130098497a6
[2025-11-24 03:50:16] 
[52/89] Extracting: 2beb19bcc939377189f8da4748a0e0c9c9a7ffa8ea850a9455c072973e5e62c5
[2025-11-24 03:50:16]   Scraping Behavior Data for: 2beb19bcc939377189f8da4748a0e0c9c9a7ffa8ea850a9455c072973e5e62c5
[2025-11-24 03:50:16]   Fetching Behavior Data for: 2beb19bcc939377189f8da4748a0e0c9c9a7ffa8ea850a9455c072973e5e62c5
[2025-11-24 03:50:17] WebDriver Created Successfully
[2025-11-24 03:50:17]   URL: https://www.virustotal.com/gui/file/2beb19bcc939377189f8da4748a0e0c9c9a7ffa8ea850a9455c072973e5e62c5/behavior
[2025-11-24 03:50:26]   Fetched Successfully
[2025-11-24 03:50:26]   Vendor Detections for 2beb19bcc939377189f8da4748a0e0c9c9a7ffa8ea850a9455c072973e5e62c5: 62/72
[2025-11-24 03:50:26] Successfully Saved: 2beb19bcc939377189f8da4748a0e0c9c9a7ffa8ea850a9455c072973e5e62c5
[2025-11-24 03:50:29] 
[53/89] Extracting: 794e555182b294e74a7d9ea364566bb85458df33b93a25a16db1eae7a8406732
[2025-11-24 03:50:29]   Scraping Behavior Data for: 794e555182b294e74a7d9ea364566bb85458df33b93a25a16db1eae7a8406732
[2025-11-24 03:50:29]   Fetching Behavior Data for: 794e555182b294e74a7d9ea364566bb85458df33b93a25a16db1eae7a8406732
[2025-11-24 03:50:31] WebDriver Created Successfully
[2025-11-24 03:50:31]   URL: https://www.virustotal.com/gui/file/794e555182b294e74a7d9ea364566bb85458df33b93a25a16db1eae7a8406732/behavior
[2025-11-24 03:50:39]   Fetched Successfully
[2025-11-24 03:50:39]   Vendor Detections for 794e555182b294e74a7d9ea364566bb85458df33b93a25a16db1eae7a8406732: 25/51
[2025-11-24 03:50:39] Successfully Saved: 794e555182b294e74a7d9ea364566bb85458df33b93a25a16db1eae7a8406732
[2025-11-24 03:50:42] 
[54/89] Extracting: 7bfdb16a2809d3e99c3d380b70e2e5af4fd7029457348ddc6dbdcac870232195
[2025-11-24 03:50:42]   Scraping Behavior Data for: 7bfdb16a2809d3e99c3d380b70e2e5af4fd7029457348ddc6dbdcac870232195
[2025-11-24 03:50:42]   Fetching Behavior Data for: 7bfdb16a2809d3e99c3d380b70e2e5af4fd7029457348ddc6dbdcac870232195
[2025-11-24 03:50:44] WebDriver Created Successfully
[2025-11-24 03:50:44]   URL: https://www.virustotal.com/gui/file/7bfdb16a2809d3e99c3d380b70e2e5af4fd7029457348ddc6dbdcac870232195/behavior
[2025-11-24 03:50:52]   Fetched Successfully
[2025-11-24 03:50:53]   Vendor Detections for 7bfdb16a2809d3e99c3d380b70e2e5af4fd7029457348ddc6dbdcac870232195: 64/72
[2025-11-24 03:50:53] Successfully Saved: 7bfdb16a2809d3e99c3d380b70e2e5af4fd7029457348ddc6dbdcac870232195
[2025-11-24 03:50:56] 
[55/89] Extracting: d6d0a7812291ecc34bdf6e9a8b04f3a3d1b64199b177f818e098bb68f316ad5a
[2025-11-24 03:50:56]   Scraping Behavior Data for: d6d0a7812291ecc34bdf6e9a8b04f3a3d1b64199b177f818e098bb68f316ad5a
[2025-11-24 03:50:56]   Fetching Behavior Data for: d6d0a7812291ecc34bdf6e9a8b04f3a3d1b64199b177f818e098bb68f316ad5a
[2025-11-24 03:50:57] WebDriver Created Successfully
[2025-11-24 03:50:57]   URL: https://www.virustotal.com/gui/file/d6d0a7812291ecc34bdf6e9a8b04f3a3d1b64199b177f818e098bb68f316ad5a/behavior
[2025-11-24 03:51:05]   Fetched Successfully
[2025-11-24 03:51:06]   Vendor Detections for d6d0a7812291ecc34bdf6e9a8b04f3a3d1b64199b177f818e098bb68f316ad5a: 63/70
[2025-11-24 03:51:06] Successfully Saved: d6d0a7812291ecc34bdf6e9a8b04f3a3d1b64199b177f818e098bb68f316ad5a
[2025-11-24 03:51:09] 
[56/89] Extracting: 4900de10166d8cc5412846c94b4b27469d1a63c95ac4656b9f064ed8e16ead98
[2025-11-24 03:51:09]   Scraping Behavior Data for: 4900de10166d8cc5412846c94b4b27469d1a63c95ac4656b9f064ed8e16ead98
[2025-11-24 03:51:09]   Fetching Behavior Data for: 4900de10166d8cc5412846c94b4b27469d1a63c95ac4656b9f064ed8e16ead98
[2025-11-24 03:51:10] WebDriver Created Successfully
[2025-11-24 03:51:10]   URL: https://www.virustotal.com/gui/file/4900de10166d8cc5412846c94b4b27469d1a63c95ac4656b9f064ed8e16ead98/behavior
[2025-11-24 03:51:18]   Fetched Successfully
[2025-11-24 03:51:19]   Vendor Detections for 4900de10166d8cc5412846c94b4b27469d1a63c95ac4656b9f064ed8e16ead98: 13/63
[2025-11-24 03:51:19] Successfully Saved: 4900de10166d8cc5412846c94b4b27469d1a63c95ac4656b9f064ed8e16ead98
[2025-11-24 03:51:22] 
[57/89] Extracting: 873a5f03e36f8a0cb7263855add6d8fb28c3b5f87f4a21df557b54c1e283071f
[2025-11-24 03:51:22]   Scraping Behavior Data for: 873a5f03e36f8a0cb7263855add6d8fb28c3b5f87f4a21df557b54c1e283071f
[2025-11-24 03:51:22]   Fetching Behavior Data for: 873a5f03e36f8a0cb7263855add6d8fb28c3b5f87f4a21df557b54c1e283071f
[2025-11-24 03:51:23] WebDriver Created Successfully
[2025-11-24 03:51:23]   URL: https://www.virustotal.com/gui/file/873a5f03e36f8a0cb7263855add6d8fb28c3b5f87f4a21df557b54c1e283071f/behavior
[2025-11-24 03:51:32]   Fetched Successfully
[2025-11-24 03:51:32]   Vendor Detections for 873a5f03e36f8a0cb7263855add6d8fb28c3b5f87f4a21df557b54c1e283071f: 64/72
[2025-11-24 03:51:32] Successfully Saved: 873a5f03e36f8a0cb7263855add6d8fb28c3b5f87f4a21df557b54c1e283071f
[2025-11-24 03:51:35] 
[58/89] Extracting: 04ffdc5d148b5a99782ec03566c319d86b0c68f86d1515bf1dd842ad2e9b9ce2
[2025-11-24 03:51:35]   Scraping Behavior Data for: 04ffdc5d148b5a99782ec03566c319d86b0c68f86d1515bf1dd842ad2e9b9ce2
[2025-11-24 03:51:35]   Fetching Behavior Data for: 04ffdc5d148b5a99782ec03566c319d86b0c68f86d1515bf1dd842ad2e9b9ce2
[2025-11-24 03:51:37] WebDriver Created Successfully
[2025-11-24 03:51:37]   URL: https://www.virustotal.com/gui/file/04ffdc5d148b5a99782ec03566c319d86b0c68f86d1515bf1dd842ad2e9b9ce2/behavior
[2025-11-24 03:51:45]   Fetched Successfully
[2025-11-24 03:51:45]   Vendor Detections for 04ffdc5d148b5a99782ec03566c319d86b0c68f86d1515bf1dd842ad2e9b9ce2: 41/70
[2025-11-24 03:51:45] Successfully Saved: 04ffdc5d148b5a99782ec03566c319d86b0c68f86d1515bf1dd842ad2e9b9ce2
[2025-11-24 03:51:48] 
[59/89] Extracting: d9c565b0bd3926a69c0a5a1f80dcee1097fc6f74099a33b7ac18715eabc7a37e
[2025-11-24 03:51:48]   Scraping Behavior Data for: d9c565b0bd3926a69c0a5a1f80dcee1097fc6f74099a33b7ac18715eabc7a37e
[2025-11-24 03:51:48]   Fetching Behavior Data for: d9c565b0bd3926a69c0a5a1f80dcee1097fc6f74099a33b7ac18715eabc7a37e
[2025-11-24 03:51:50] WebDriver Created Successfully
[2025-11-24 03:51:50]   URL: https://www.virustotal.com/gui/file/d9c565b0bd3926a69c0a5a1f80dcee1097fc6f74099a33b7ac18715eabc7a37e/behavior
[2025-11-24 03:51:58]   Fetched Successfully
[2025-11-24 03:51:58]   Vendor Detections for d9c565b0bd3926a69c0a5a1f80dcee1097fc6f74099a33b7ac18715eabc7a37e: 64/72
[2025-11-24 03:51:58] Successfully Saved: d9c565b0bd3926a69c0a5a1f80dcee1097fc6f74099a33b7ac18715eabc7a37e
[2025-11-24 03:52:01] 
[60/89] Extracting: b6549952e58bfb46347587744b0d6b0d01ef95ab26de209ae4bb6e8e1121cd49
[2025-11-24 03:52:01]   Scraping Behavior Data for: b6549952e58bfb46347587744b0d6b0d01ef95ab26de209ae4bb6e8e1121cd49
[2025-11-24 03:52:01]   Fetching Behavior Data for: b6549952e58bfb46347587744b0d6b0d01ef95ab26de209ae4bb6e8e1121cd49
[2025-11-24 03:52:03] WebDriver Created Successfully
[2025-11-24 03:52:03]   URL: https://www.virustotal.com/gui/file/b6549952e58bfb46347587744b0d6b0d01ef95ab26de209ae4bb6e8e1121cd49/behavior
[2025-11-24 03:52:11]   Fetched Successfully
[2025-11-24 03:52:12]   Vendor Detections for b6549952e58bfb46347587744b0d6b0d01ef95ab26de209ae4bb6e8e1121cd49: 66/72
[2025-11-24 03:52:12] Successfully Saved: b6549952e58bfb46347587744b0d6b0d01ef95ab26de209ae4bb6e8e1121cd49
[2025-11-24 03:52:15] 
⏸ Completed Behavior Batch 6/9
[2025-11-24 03:52:15] ⏸ Waiting 5 Minutes Before Next Batch
[2025-11-24 03:52:15]   300 seconds remaining
[2025-11-24 03:53:15]   240 seconds remaining
[2025-11-24 03:54:15]   180 seconds remaining
[2025-11-24 03:55:15]   120 seconds remaining
[2025-11-24 03:56:16]   60 seconds remaining
[2025-11-24 03:57:16] 5 minutes elapsed, continuing

[2025-11-24 03:57:16] 
--- Behavior Batch 7/9 (10 hashes) ---
[2025-11-24 03:57:16] 
[61/89] Extracting: b532f5591dbf9b76ac403c3aef239f1c2c3be8d4d20d004bf043027c5955b427
[2025-11-24 03:57:16]   Scraping Behavior Data for: b532f5591dbf9b76ac403c3aef239f1c2c3be8d4d20d004bf043027c5955b427
[2025-11-24 03:57:16]   Fetching Behavior Data for: b532f5591dbf9b76ac403c3aef239f1c2c3be8d4d20d004bf043027c5955b427
[2025-11-24 03:57:18] WebDriver Created Successfully
[2025-11-24 03:57:18]   URL: https://www.virustotal.com/gui/file/b532f5591dbf9b76ac403c3aef239f1c2c3be8d4d20d004bf043027c5955b427/behavior
[2025-11-24 03:57:27]   Fetched Successfully
[2025-11-24 03:57:27]   Vendor Detections for b532f5591dbf9b76ac403c3aef239f1c2c3be8d4d20d004bf043027c5955b427: 61/72
[2025-11-24 03:57:27] Successfully Saved: b532f5591dbf9b76ac403c3aef239f1c2c3be8d4d20d004bf043027c5955b427
[2025-11-24 03:57:30] 
[62/89] Extracting: 15f58b4063e67bad03c38cf0e9e4969eaea91f9f15d352e9fa891918fbbd06e5
[2025-11-24 03:57:30]   Scraping Behavior Data for: 15f58b4063e67bad03c38cf0e9e4969eaea91f9f15d352e9fa891918fbbd06e5
[2025-11-24 03:57:30]   Fetching Behavior Data for: 15f58b4063e67bad03c38cf0e9e4969eaea91f9f15d352e9fa891918fbbd06e5
[2025-11-24 03:57:32] WebDriver Created Successfully
[2025-11-24 03:57:32]   URL: https://www.virustotal.com/gui/file/15f58b4063e67bad03c38cf0e9e4969eaea91f9f15d352e9fa891918fbbd06e5/behavior
[2025-11-24 03:57:40]   Fetched Successfully
[2025-11-24 03:57:41]   Vendor Detections for 15f58b4063e67bad03c38cf0e9e4969eaea91f9f15d352e9fa891918fbbd06e5: 46/50
[2025-11-24 03:57:41] Successfully Saved: 15f58b4063e67bad03c38cf0e9e4969eaea91f9f15d352e9fa891918fbbd06e5
[2025-11-24 03:57:44] 
[63/89] Extracting: 0916f597dfde81dd917cc79c58b30121b9ba617d0aebbb957b79ca9537473099
[2025-11-24 03:57:44]   Scraping Behavior Data for: 0916f597dfde81dd917cc79c58b30121b9ba617d0aebbb957b79ca9537473099
[2025-11-24 03:57:44]   Fetching Behavior Data for: 0916f597dfde81dd917cc79c58b30121b9ba617d0aebbb957b79ca9537473099
[2025-11-24 03:57:46] WebDriver Created Successfully
[2025-11-24 03:57:46]   URL: https://www.virustotal.com/gui/file/0916f597dfde81dd917cc79c58b30121b9ba617d0aebbb957b79ca9537473099/behavior
[2025-11-24 03:57:55]   Fetched Successfully
[2025-11-24 03:57:56]   Vendor Detections for 0916f597dfde81dd917cc79c58b30121b9ba617d0aebbb957b79ca9537473099: 65/72
[2025-11-24 03:57:56] Successfully Saved: 0916f597dfde81dd917cc79c58b30121b9ba617d0aebbb957b79ca9537473099
[2025-11-24 03:57:59] 
[64/89] Extracting: 356cb3251394d86db58de7b279f044c36159f0decd98b8ef8f9b1117795ab495
[2025-11-24 03:57:59]   Scraping Behavior Data for: 356cb3251394d86db58de7b279f044c36159f0decd98b8ef8f9b1117795ab495
[2025-11-24 03:57:59]   Fetching Behavior Data for: 356cb3251394d86db58de7b279f044c36159f0decd98b8ef8f9b1117795ab495
[2025-11-24 03:58:00] WebDriver Created Successfully
[2025-11-24 03:58:00]   URL: https://www.virustotal.com/gui/file/356cb3251394d86db58de7b279f044c36159f0decd98b8ef8f9b1117795ab495/behavior
[2025-11-24 03:58:09]   Fetched Successfully
[2025-11-24 03:58:10]   Vendor Detections for 356cb3251394d86db58de7b279f044c36159f0decd98b8ef8f9b1117795ab495: 46/70
[2025-11-24 03:58:10] Successfully Saved: 356cb3251394d86db58de7b279f044c36159f0decd98b8ef8f9b1117795ab495
[2025-11-24 03:58:13] 
[65/89] Extracting: 5fbfbb3b756e899d2a5cbd53bb4dc4bb73758bd2b6ddaca123f667de1a9c0420
[2025-11-24 03:58:13]   Scraping Behavior Data for: 5fbfbb3b756e899d2a5cbd53bb4dc4bb73758bd2b6ddaca123f667de1a9c0420
[2025-11-24 03:58:13]   Fetching Behavior Data for: 5fbfbb3b756e899d2a5cbd53bb4dc4bb73758bd2b6ddaca123f667de1a9c0420
[2025-11-24 03:58:15] WebDriver Created Successfully
[2025-11-24 03:58:15]   URL: https://www.virustotal.com/gui/file/5fbfbb3b756e899d2a5cbd53bb4dc4bb73758bd2b6ddaca123f667de1a9c0420/behavior
[2025-11-24 03:58:23]   Fetched Successfully
[2025-11-24 03:58:23]   Vendor Detections for 5fbfbb3b756e899d2a5cbd53bb4dc4bb73758bd2b6ddaca123f667de1a9c0420: 62/72
[2025-11-24 03:58:23] Successfully Saved: 5fbfbb3b756e899d2a5cbd53bb4dc4bb73758bd2b6ddaca123f667de1a9c0420
[2025-11-24 03:58:26] 
[66/89] Extracting: 8970cee1332aaba67b5c70065dce032cb1edaac60c071ee2afd638bfde9ff940
[2025-11-24 03:58:26]   Scraping Behavior Data for: 8970cee1332aaba67b5c70065dce032cb1edaac60c071ee2afd638bfde9ff940
[2025-11-24 03:58:26]   Fetching Behavior Data for: 8970cee1332aaba67b5c70065dce032cb1edaac60c071ee2afd638bfde9ff940
[2025-11-24 03:58:28] WebDriver Created Successfully
[2025-11-24 03:58:28]   URL: https://www.virustotal.com/gui/file/8970cee1332aaba67b5c70065dce032cb1edaac60c071ee2afd638bfde9ff940/behavior
[2025-11-24 03:58:36]   Fetched Successfully
[2025-11-24 03:58:36]   Vendor Detections for 8970cee1332aaba67b5c70065dce032cb1edaac60c071ee2afd638bfde9ff940: 65/72
[2025-11-24 03:58:36] Successfully Saved: 8970cee1332aaba67b5c70065dce032cb1edaac60c071ee2afd638bfde9ff940
[2025-11-24 03:58:39] 
[67/89] Extracting: 4057d50aba1aeda1f359ce366f336e5818faf223fdb81048595a0535e3b3155e
[2025-11-24 03:58:39]   Scraping Behavior Data for: 4057d50aba1aeda1f359ce366f336e5818faf223fdb81048595a0535e3b3155e
[2025-11-24 03:58:39]   Fetching Behavior Data for: 4057d50aba1aeda1f359ce366f336e5818faf223fdb81048595a0535e3b3155e
[2025-11-24 03:58:41] WebDriver Created Successfully
[2025-11-24 03:58:41]   URL: https://www.virustotal.com/gui/file/4057d50aba1aeda1f359ce366f336e5818faf223fdb81048595a0535e3b3155e/behavior
[2025-11-24 03:58:49]   Fetched Successfully
[2025-11-24 03:58:49]   Vendor Detections for 4057d50aba1aeda1f359ce366f336e5818faf223fdb81048595a0535e3b3155e: 29/62
[2025-11-24 03:58:49] Successfully Saved: 4057d50aba1aeda1f359ce366f336e5818faf223fdb81048595a0535e3b3155e
[2025-11-24 03:58:52] 
[68/89] Extracting: 06a4cf7c6abdffa266ced8152b6866b4394c46ce026069f3a7f6644df8cc026a
[2025-11-24 03:58:52]   Scraping Behavior Data for: 06a4cf7c6abdffa266ced8152b6866b4394c46ce026069f3a7f6644df8cc026a
[2025-11-24 03:58:52]   Fetching Behavior Data for: 06a4cf7c6abdffa266ced8152b6866b4394c46ce026069f3a7f6644df8cc026a
[2025-11-24 03:58:54] WebDriver Created Successfully
[2025-11-24 03:58:54]   URL: https://www.virustotal.com/gui/file/06a4cf7c6abdffa266ced8152b6866b4394c46ce026069f3a7f6644df8cc026a/behavior
[2025-11-24 03:59:02]   Fetched Successfully
[2025-11-24 03:59:02]   Vendor Detections for 06a4cf7c6abdffa266ced8152b6866b4394c46ce026069f3a7f6644df8cc026a: 53/72
[2025-11-24 03:59:02] Successfully Saved: 06a4cf7c6abdffa266ced8152b6866b4394c46ce026069f3a7f6644df8cc026a
[2025-11-24 03:59:05] 
[69/89] Extracting: 5e87ad5361fff76a10d1800b26b97a0b67180e5e169ae95e8a88adf6ded6ad0e
[2025-11-24 03:59:05]   Scraping Behavior Data for: 5e87ad5361fff76a10d1800b26b97a0b67180e5e169ae95e8a88adf6ded6ad0e
[2025-11-24 03:59:05]   Fetching Behavior Data for: 5e87ad5361fff76a10d1800b26b97a0b67180e5e169ae95e8a88adf6ded6ad0e
[2025-11-24 03:59:07] WebDriver Created Successfully
[2025-11-24 03:59:07]   URL: https://www.virustotal.com/gui/file/5e87ad5361fff76a10d1800b26b97a0b67180e5e169ae95e8a88adf6ded6ad0e/behavior
[2025-11-24 03:59:15]   Fetched Successfully
[2025-11-24 03:59:16]   Vendor Detections for 5e87ad5361fff76a10d1800b26b97a0b67180e5e169ae95e8a88adf6ded6ad0e: 56/71
[2025-11-24 03:59:16] Successfully Saved: 5e87ad5361fff76a10d1800b26b97a0b67180e5e169ae95e8a88adf6ded6ad0e
[2025-11-24 03:59:19] 
[70/89] Extracting: 313955f5b54228bff9e34d2c4302aae5bdb1a89d494ccb57bf94e808788e577c
[2025-11-24 03:59:19]   Scraping Behavior Data for: 313955f5b54228bff9e34d2c4302aae5bdb1a89d494ccb57bf94e808788e577c
[2025-11-24 03:59:19]   Fetching Behavior Data for: 313955f5b54228bff9e34d2c4302aae5bdb1a89d494ccb57bf94e808788e577c
[2025-11-24 03:59:20] WebDriver Created Successfully
[2025-11-24 03:59:20]   URL: https://www.virustotal.com/gui/file/313955f5b54228bff9e34d2c4302aae5bdb1a89d494ccb57bf94e808788e577c/behavior
[2025-11-24 03:59:29]   Fetched Successfully
[2025-11-24 03:59:29]   Vendor Detections for 313955f5b54228bff9e34d2c4302aae5bdb1a89d494ccb57bf94e808788e577c: 53/68
[2025-11-24 03:59:29] Successfully Saved: 313955f5b54228bff9e34d2c4302aae5bdb1a89d494ccb57bf94e808788e577c
[2025-11-24 03:59:32] 
⏸ Completed Behavior Batch 7/9
[2025-11-24 03:59:32] ⏸ Waiting 5 Minutes Before Next Batch
[2025-11-24 03:59:32]   300 seconds remaining
[2025-11-24 04:00:33]   240 seconds remaining
[2025-11-24 04:01:33]   180 seconds remaining
[2025-11-24 04:02:33]   120 seconds remaining
[2025-11-24 04:03:33]   60 seconds remaining
[2025-11-24 04:04:33] 5 minutes elapsed, continuing

[2025-11-24 04:04:33] 
--- Behavior Batch 8/9 (10 hashes) ---
[2025-11-24 04:04:33] 
[71/89] Extracting: 50391f90e83462c736603b6bb5ae26fa5f328c40f2e3b05e696cb7129edf6e34
[2025-11-24 04:04:33]   Scraping Behavior Data for: 50391f90e83462c736603b6bb5ae26fa5f328c40f2e3b05e696cb7129edf6e34
[2025-11-24 04:04:33]   Fetching Behavior Data for: 50391f90e83462c736603b6bb5ae26fa5f328c40f2e3b05e696cb7129edf6e34
[2025-11-24 04:04:36] WebDriver Created Successfully
[2025-11-24 04:04:36]   URL: https://www.virustotal.com/gui/file/50391f90e83462c736603b6bb5ae26fa5f328c40f2e3b05e696cb7129edf6e34/behavior
[2025-11-24 04:04:44]   Fetched Successfully
[2025-11-24 04:04:44]   Vendor Detections for 50391f90e83462c736603b6bb5ae26fa5f328c40f2e3b05e696cb7129edf6e34: 65/72
[2025-11-24 04:04:44] Successfully Saved: 50391f90e83462c736603b6bb5ae26fa5f328c40f2e3b05e696cb7129edf6e34
[2025-11-24 04:04:47] 
[72/89] Extracting: ea317213b6e60347a0ff04e9971d52f23b6326e5ff10e011347e12e24f937c2c
[2025-11-24 04:04:47]   Scraping Behavior Data for: ea317213b6e60347a0ff04e9971d52f23b6326e5ff10e011347e12e24f937c2c
[2025-11-24 04:04:47]   Fetching Behavior Data for: ea317213b6e60347a0ff04e9971d52f23b6326e5ff10e011347e12e24f937c2c
[2025-11-24 04:04:49] WebDriver Created Successfully
[2025-11-24 04:04:49]   URL: https://www.virustotal.com/gui/file/ea317213b6e60347a0ff04e9971d52f23b6326e5ff10e011347e12e24f937c2c/behavior
[2025-11-24 04:04:58]   Fetched Successfully
[2025-11-24 04:04:58]   Vendor Detections for ea317213b6e60347a0ff04e9971d52f23b6326e5ff10e011347e12e24f937c2c: 59/72
[2025-11-24 04:04:58] Failed to Extract: ea317213b6e60347a0ff04e9971d52f23b6326e5ff10e011347e12e24f937c2c
[2025-11-24 04:05:01] 
[73/89] Extracting: 13d06c52dcd53b868c68d352949523376a22bce9f9787536dfdf4639e5ea5c0d
[2025-11-24 04:05:01]   Scraping Behavior Data for: 13d06c52dcd53b868c68d352949523376a22bce9f9787536dfdf4639e5ea5c0d
[2025-11-24 04:05:01]   Fetching Behavior Data for: 13d06c52dcd53b868c68d352949523376a22bce9f9787536dfdf4639e5ea5c0d
[2025-11-24 04:05:03] WebDriver Created Successfully
[2025-11-24 04:05:03]   URL: https://www.virustotal.com/gui/file/13d06c52dcd53b868c68d352949523376a22bce9f9787536dfdf4639e5ea5c0d/behavior
[2025-11-24 04:05:11]   Fetched Successfully
[2025-11-24 04:05:12]   Vendor Detections for 13d06c52dcd53b868c68d352949523376a22bce9f9787536dfdf4639e5ea5c0d: 59/72
[2025-11-24 04:05:12] Failed to Extract: 13d06c52dcd53b868c68d352949523376a22bce9f9787536dfdf4639e5ea5c0d
[2025-11-24 04:05:15] 
[74/89] Extracting: 1958ad830c697392c00bd4ce5cd4c4344450ae70a04f5c117ada33507dc89ffa
[2025-11-24 04:05:15]   Scraping Behavior Data for: 1958ad830c697392c00bd4ce5cd4c4344450ae70a04f5c117ada33507dc89ffa
[2025-11-24 04:05:15]   Fetching Behavior Data for: 1958ad830c697392c00bd4ce5cd4c4344450ae70a04f5c117ada33507dc89ffa
[2025-11-24 04:05:16] WebDriver Created Successfully
[2025-11-24 04:05:16]   URL: https://www.virustotal.com/gui/file/1958ad830c697392c00bd4ce5cd4c4344450ae70a04f5c117ada33507dc89ffa/behavior
[2025-11-24 04:05:25]   Fetched Successfully
[2025-11-24 04:05:25]   Vendor Detections for 1958ad830c697392c00bd4ce5cd4c4344450ae70a04f5c117ada33507dc89ffa: 63/72
[2025-11-24 04:05:25] Failed to Extract: 1958ad830c697392c00bd4ce5cd4c4344450ae70a04f5c117ada33507dc89ffa
[2025-11-24 04:05:28] 
[75/89] Extracting: 8eeb4ec573d8bb5392996153990b8a792b88a3a7fb77c06a13987b18c39641d6
[2025-11-24 04:05:28]   Scraping Behavior Data for: 8eeb4ec573d8bb5392996153990b8a792b88a3a7fb77c06a13987b18c39641d6
[2025-11-24 04:05:28]   Fetching Behavior Data for: 8eeb4ec573d8bb5392996153990b8a792b88a3a7fb77c06a13987b18c39641d6
[2025-11-24 04:05:30] WebDriver Created Successfully
[2025-11-24 04:05:30]   URL: https://www.virustotal.com/gui/file/8eeb4ec573d8bb5392996153990b8a792b88a3a7fb77c06a13987b18c39641d6/behavior
[2025-11-24 04:05:39]   Fetched Successfully
[2025-11-24 04:05:39]   Vendor Detections for 8eeb4ec573d8bb5392996153990b8a792b88a3a7fb77c06a13987b18c39641d6: 34/70
[2025-11-24 04:05:39] Successfully Saved: 8eeb4ec573d8bb5392996153990b8a792b88a3a7fb77c06a13987b18c39641d6
[2025-11-24 04:05:42] 
[76/89] Extracting: 976947c4a8453e4e6c0a4f5f0a909f9ff490ed23acd4978d496657d918069c99
[2025-11-24 04:05:42]   Scraping Behavior Data for: 976947c4a8453e4e6c0a4f5f0a909f9ff490ed23acd4978d496657d918069c99
[2025-11-24 04:05:42]   Fetching Behavior Data for: 976947c4a8453e4e6c0a4f5f0a909f9ff490ed23acd4978d496657d918069c99
[2025-11-24 04:05:44] WebDriver Created Successfully
[2025-11-24 04:05:44]   URL: https://www.virustotal.com/gui/file/976947c4a8453e4e6c0a4f5f0a909f9ff490ed23acd4978d496657d918069c99/behavior
[2025-11-24 04:05:55]   Fetched Successfully
[2025-11-24 04:05:55]   Vendor Detections for 976947c4a8453e4e6c0a4f5f0a909f9ff490ed23acd4978d496657d918069c99: 63/72
[2025-11-24 04:05:55] Successfully Saved: 976947c4a8453e4e6c0a4f5f0a909f9ff490ed23acd4978d496657d918069c99
[2025-11-24 04:05:58] 
[77/89] Extracting: d860954b6dad839442454f3d192b8b383f1dbaa97df5d844405a03913b99eac8
[2025-11-24 04:05:58]   Scraping Behavior Data for: d860954b6dad839442454f3d192b8b383f1dbaa97df5d844405a03913b99eac8
[2025-11-24 04:05:58]   Fetching Behavior Data for: d860954b6dad839442454f3d192b8b383f1dbaa97df5d844405a03913b99eac8
[2025-11-24 04:06:00] WebDriver Created Successfully
[2025-11-24 04:06:00]   URL: https://www.virustotal.com/gui/file/d860954b6dad839442454f3d192b8b383f1dbaa97df5d844405a03913b99eac8/behavior
[2025-11-24 04:06:08]   Fetched Successfully
[2025-11-24 04:06:08]   Vendor Detections for d860954b6dad839442454f3d192b8b383f1dbaa97df5d844405a03913b99eac8: 68/70
[2025-11-24 04:06:08] Successfully Saved: d860954b6dad839442454f3d192b8b383f1dbaa97df5d844405a03913b99eac8
[2025-11-24 04:06:11] 
[78/89] Extracting: d5c55f18b1a7c01d3e4fb657b00aa677784640fef3c1742243a65ded07aeccc6
[2025-11-24 04:06:11]   Scraping Behavior Data for: d5c55f18b1a7c01d3e4fb657b00aa677784640fef3c1742243a65ded07aeccc6
[2025-11-24 04:06:11]   Fetching Behavior Data for: d5c55f18b1a7c01d3e4fb657b00aa677784640fef3c1742243a65ded07aeccc6
[2025-11-24 04:06:13] WebDriver Created Successfully
[2025-11-24 04:06:13]   URL: https://www.virustotal.com/gui/file/d5c55f18b1a7c01d3e4fb657b00aa677784640fef3c1742243a65ded07aeccc6/behavior
[2025-11-24 04:06:22]   Fetched Successfully
[2025-11-24 04:06:23]   Vendor Detections for d5c55f18b1a7c01d3e4fb657b00aa677784640fef3c1742243a65ded07aeccc6: 22/63
[2025-11-24 04:06:23] Successfully Saved: d5c55f18b1a7c01d3e4fb657b00aa677784640fef3c1742243a65ded07aeccc6
[2025-11-24 04:06:26] 
[79/89] Extracting: 1454c4c2b513ca1a536a6f0da2f9a1ec6a1a33d258413efd4a1105215aeccbe7
[2025-11-24 04:06:26]   Scraping Behavior Data for: 1454c4c2b513ca1a536a6f0da2f9a1ec6a1a33d258413efd4a1105215aeccbe7
[2025-11-24 04:06:26]   Fetching Behavior Data for: 1454c4c2b513ca1a536a6f0da2f9a1ec6a1a33d258413efd4a1105215aeccbe7
[2025-11-24 04:06:27] WebDriver Created Successfully
[2025-11-24 04:06:27]   URL: https://www.virustotal.com/gui/file/1454c4c2b513ca1a536a6f0da2f9a1ec6a1a33d258413efd4a1105215aeccbe7/behavior
[2025-11-24 04:06:35]   Fetched Successfully
[2025-11-24 04:06:36]   Vendor Detections for 1454c4c2b513ca1a536a6f0da2f9a1ec6a1a33d258413efd4a1105215aeccbe7: 2/60
[2025-11-24 04:06:36] Successfully Saved: 1454c4c2b513ca1a536a6f0da2f9a1ec6a1a33d258413efd4a1105215aeccbe7
[2025-11-24 04:06:39] 
[80/89] Extracting: 3693b5a46d2462187164263c8fbb9f5027967715b7cd65bac72ac1682de644ad
[2025-11-24 04:06:39]   Scraping Behavior Data for: 3693b5a46d2462187164263c8fbb9f5027967715b7cd65bac72ac1682de644ad
[2025-11-24 04:06:39]   Fetching Behavior Data for: 3693b5a46d2462187164263c8fbb9f5027967715b7cd65bac72ac1682de644ad
[2025-11-24 04:06:40] WebDriver Created Successfully
[2025-11-24 04:06:40]   URL: https://www.virustotal.com/gui/file/3693b5a46d2462187164263c8fbb9f5027967715b7cd65bac72ac1682de644ad/behavior
[2025-11-24 04:06:48]   Fetched Successfully
[2025-11-24 04:06:49]   Vendor Detections for 3693b5a46d2462187164263c8fbb9f5027967715b7cd65bac72ac1682de644ad: 62/69
[2025-11-24 04:06:49] Successfully Saved: 3693b5a46d2462187164263c8fbb9f5027967715b7cd65bac72ac1682de644ad
[2025-11-24 04:06:52] 
⏸ Completed Behavior Batch 8/9
[2025-11-24 04:06:52] ⏸ Waiting 5 Minutes Before Next Batch
[2025-11-24 04:06:52]   300 seconds remaining
[2025-11-24 04:07:52]   240 seconds remaining
[2025-11-24 04:08:52]   180 seconds remaining
[2025-11-24 04:09:52]   120 seconds remaining
[2025-11-24 04:10:52]   60 seconds remaining
[2025-11-24 04:11:52] 5 minutes elapsed, continuing

[2025-11-24 04:11:52] 
--- Behavior Batch 9/9 (9 hashes) ---
[2025-11-24 04:11:52] 
[81/89] Extracting: 8c8057356ba25f5845de11586756f0322a3654f6705f6dbed9ecd90fc67dfece
[2025-11-24 04:11:52]   Scraping Behavior Data for: 8c8057356ba25f5845de11586756f0322a3654f6705f6dbed9ecd90fc67dfece
[2025-11-24 04:11:52]   Fetching Behavior Data for: 8c8057356ba25f5845de11586756f0322a3654f6705f6dbed9ecd90fc67dfece
[2025-11-24 04:11:55] WebDriver Created Successfully
[2025-11-24 04:11:55]   URL: https://www.virustotal.com/gui/file/8c8057356ba25f5845de11586756f0322a3654f6705f6dbed9ecd90fc67dfece/behavior
[2025-11-24 04:12:03]   Fetched Successfully
[2025-11-24 04:12:04]   Vendor Detections for 8c8057356ba25f5845de11586756f0322a3654f6705f6dbed9ecd90fc67dfece: 45/69
[2025-11-24 04:12:04] Failed to Extract: 8c8057356ba25f5845de11586756f0322a3654f6705f6dbed9ecd90fc67dfece
[2025-11-24 04:12:07] 
[82/89] Extracting: 9c28ab4b11e656bce1c6a98afb2f8e608149484c54e3393ec6fc3ecdab6cdaf4
[2025-11-24 04:12:07]   Scraping Behavior Data for: 9c28ab4b11e656bce1c6a98afb2f8e608149484c54e3393ec6fc3ecdab6cdaf4
[2025-11-24 04:12:07]   Fetching Behavior Data for: 9c28ab4b11e656bce1c6a98afb2f8e608149484c54e3393ec6fc3ecdab6cdaf4
[2025-11-24 04:12:08] WebDriver Created Successfully
[2025-11-24 04:12:08]   URL: https://www.virustotal.com/gui/file/9c28ab4b11e656bce1c6a98afb2f8e608149484c54e3393ec6fc3ecdab6cdaf4/behavior
[2025-11-24 04:12:17]   Fetched Successfully
[2025-11-24 04:12:17]   Vendor Detections for 9c28ab4b11e656bce1c6a98afb2f8e608149484c54e3393ec6fc3ecdab6cdaf4: 22/62
[2025-11-24 04:12:17] Failed to Extract: 9c28ab4b11e656bce1c6a98afb2f8e608149484c54e3393ec6fc3ecdab6cdaf4
[2025-11-24 04:12:20] 
[83/89] Extracting: bef894e294ef5c1f544b33898e30eea390db88bfd752bb30c651ab0c52bef1a7
[2025-11-24 04:12:20]   Scraping Behavior Data for: bef894e294ef5c1f544b33898e30eea390db88bfd752bb30c651ab0c52bef1a7
[2025-11-24 04:12:20]   Fetching Behavior Data for: bef894e294ef5c1f544b33898e30eea390db88bfd752bb30c651ab0c52bef1a7
[2025-11-24 04:12:22] WebDriver Created Successfully
[2025-11-24 04:12:22]   URL: https://www.virustotal.com/gui/file/bef894e294ef5c1f544b33898e30eea390db88bfd752bb30c651ab0c52bef1a7/behavior
[2025-11-24 04:12:30]   Fetched Successfully
[2025-11-24 04:12:30]   Vendor Detections for bef894e294ef5c1f544b33898e30eea390db88bfd752bb30c651ab0c52bef1a7: 44/63
[2025-11-24 04:12:30] Failed to Extract: bef894e294ef5c1f544b33898e30eea390db88bfd752bb30c651ab0c52bef1a7
[2025-11-24 04:12:33] 
[84/89] Extracting: a624205430cc2c2bfbac3f26744bc741dece39dc1b40f2f9c298b2355846300f
[2025-11-24 04:12:33]   Scraping Behavior Data for: a624205430cc2c2bfbac3f26744bc741dece39dc1b40f2f9c298b2355846300f
[2025-11-24 04:12:33]   Fetching Behavior Data for: a624205430cc2c2bfbac3f26744bc741dece39dc1b40f2f9c298b2355846300f
[2025-11-24 04:12:35] WebDriver Created Successfully
[2025-11-24 04:12:35]   URL: https://www.virustotal.com/gui/file/a624205430cc2c2bfbac3f26744bc741dece39dc1b40f2f9c298b2355846300f/behavior
[2025-11-24 04:12:43]   Fetched Successfully
[2025-11-24 04:12:43]   Vendor Detections for a624205430cc2c2bfbac3f26744bc741dece39dc1b40f2f9c298b2355846300f: 53/72
[2025-11-24 04:12:43] Failed to Extract: a624205430cc2c2bfbac3f26744bc741dece39dc1b40f2f9c298b2355846300f
[2025-11-24 04:12:46] 
[85/89] Extracting: a010249235149bde5db560cfe16a6355bb81eecda75c9c0f741f203587116afa
[2025-11-24 04:12:46]   Scraping Behavior Data for: a010249235149bde5db560cfe16a6355bb81eecda75c9c0f741f203587116afa
[2025-11-24 04:12:46]   Fetching Behavior Data for: a010249235149bde5db560cfe16a6355bb81eecda75c9c0f741f203587116afa
[2025-11-24 04:12:48] WebDriver Created Successfully
[2025-11-24 04:12:48]   URL: https://www.virustotal.com/gui/file/a010249235149bde5db560cfe16a6355bb81eecda75c9c0f741f203587116afa/behavior
[2025-11-24 04:12:56]   Fetched Successfully
[2025-11-24 04:12:56]   Vendor Detections for a010249235149bde5db560cfe16a6355bb81eecda75c9c0f741f203587116afa: 56/72
[2025-11-24 04:12:56] Failed to Extract: a010249235149bde5db560cfe16a6355bb81eecda75c9c0f741f203587116afa
[2025-11-24 04:12:59] 
[86/89] Extracting: a209de0c1e19da5680dbaf81ac8bf49bfd772f574aa6906ba7b0b8e2de1cc374
[2025-11-24 04:12:59]   Scraping Behavior Data for: a209de0c1e19da5680dbaf81ac8bf49bfd772f574aa6906ba7b0b8e2de1cc374
[2025-11-24 04:12:59]   Fetching Behavior Data for: a209de0c1e19da5680dbaf81ac8bf49bfd772f574aa6906ba7b0b8e2de1cc374
[2025-11-24 04:13:01] WebDriver Created Successfully
[2025-11-24 04:13:01]   URL: https://www.virustotal.com/gui/file/a209de0c1e19da5680dbaf81ac8bf49bfd772f574aa6906ba7b0b8e2de1cc374/behavior
[2025-11-24 04:13:09]   Fetched Successfully
[2025-11-24 04:13:09]   Vendor Detections for a209de0c1e19da5680dbaf81ac8bf49bfd772f574aa6906ba7b0b8e2de1cc374: 30/63
[2025-11-24 04:13:09] Failed to Extract: a209de0c1e19da5680dbaf81ac8bf49bfd772f574aa6906ba7b0b8e2de1cc374
[2025-11-24 04:13:12] 
[87/89] Extracting: bd51849dcbd3f72d37e51da6179d54b6d63015622d8a3d3ef0570b9c880dc18f
[2025-11-24 04:13:12]   Scraping Behavior Data for: bd51849dcbd3f72d37e51da6179d54b6d63015622d8a3d3ef0570b9c880dc18f
[2025-11-24 04:13:12]   Fetching Behavior Data for: bd51849dcbd3f72d37e51da6179d54b6d63015622d8a3d3ef0570b9c880dc18f
[2025-11-24 04:13:14] WebDriver Created Successfully
[2025-11-24 04:13:14]   URL: https://www.virustotal.com/gui/file/bd51849dcbd3f72d37e51da6179d54b6d63015622d8a3d3ef0570b9c880dc18f/behavior
[2025-11-24 04:13:22]   Fetched Successfully
[2025-11-24 04:13:22]   Vendor Detections for bd51849dcbd3f72d37e51da6179d54b6d63015622d8a3d3ef0570b9c880dc18f: 59/66
[2025-11-24 04:13:22] Failed to Extract: bd51849dcbd3f72d37e51da6179d54b6d63015622d8a3d3ef0570b9c880dc18f
[2025-11-24 04:13:25] 
[88/89] Extracting: 4fd57c988fd17b5a088d2eb105fa3ec0df45e718287b470edff69c2666fd278c
[2025-11-24 04:13:25]   Scraping Behavior Data for: 4fd57c988fd17b5a088d2eb105fa3ec0df45e718287b470edff69c2666fd278c
[2025-11-24 04:13:25]   Fetching Behavior Data for: 4fd57c988fd17b5a088d2eb105fa3ec0df45e718287b470edff69c2666fd278c
[2025-11-24 04:13:27] WebDriver Created Successfully
[2025-11-24 04:13:27]   URL: https://www.virustotal.com/gui/file/4fd57c988fd17b5a088d2eb105fa3ec0df45e718287b470edff69c2666fd278c/behavior
[2025-11-24 04:13:35]   Fetched Successfully
[2025-11-24 04:13:36]   Vendor Detections for 4fd57c988fd17b5a088d2eb105fa3ec0df45e718287b470edff69c2666fd278c: 63/72
[2025-11-24 04:13:36] Failed to Extract: 4fd57c988fd17b5a088d2eb105fa3ec0df45e718287b470edff69c2666fd278c
[2025-11-24 04:13:39] 
[89/89] Extracting: 03336e55e9bc4f0ae61098eeb358c36cf558683c457e7ccce374a61335df36d0
[2025-11-24 04:13:39]   Scraping Behavior Data for: 03336e55e9bc4f0ae61098eeb358c36cf558683c457e7ccce374a61335df36d0
[2025-11-24 04:13:39]   Fetching Behavior Data for: 03336e55e9bc4f0ae61098eeb358c36cf558683c457e7ccce374a61335df36d0
[2025-11-24 04:13:40] WebDriver Created Successfully
[2025-11-24 04:13:40]   URL: https://www.virustotal.com/gui/file/03336e55e9bc4f0ae61098eeb358c36cf558683c457e7ccce374a61335df36d0/behavior
[2025-11-24 04:13:48]   Fetched Successfully
[2025-11-24 04:13:48]   Vendor Detections for 03336e55e9bc4f0ae61098eeb358c36cf558683c457e7ccce374a61335df36d0: 51/72
[2025-11-24 04:13:48] Failed to Extract: 03336e55e9bc4f0ae61098eeb358c36cf558683c457e7ccce374a61335df36d0
[2025-11-24 04:13:51] 
Total Behavior Data Extracted: 49/89
[2025-11-24 04:13:51] 
================================================================================
[2025-11-24 04:13:51] STEP 9: Generating Comparison Report
[2025-11-24 04:13:51] ================================================================================
[2025-11-24 04:13:51] Report Saved to Data/Sample/1_IOC/scan_report_2025-11-24_04-13-51.644953.txt
[2025-11-24 04:13:51] 
================================================================================
[2025-11-24 04:13:51] STEP 10: Cleaning IOC File - Removing Entries with No Behavior Data
[2025-11-24 04:13:51] ================================================================================
[2025-11-24 04:13:51] Cleaned IOC File: Removed 0 duplicate entries, kept 49 unique hashes.
[2025-11-24 04:13:51] 
================================================================================
[2025-11-24 04:13:51] SCAN CYCLE COMPLETE
[2025-11-24 04:13:51] ================================================================================
[2025-11-24 04:13:51] 
================================================================================
[2025-11-24 04:13:51] EXITING - Scan cycle completed successfully!
[2025-11-24 04:13:51] ================================================================================
[2025-11-24 06:26:55] Extractor Started at 2025-11-24 06:26:55.085096
[2025-11-24 06:26:55] 
================================================================================
[2025-11-24 06:26:55] STARTING MALWAREBAZAAR API -> VIRUSTOTAL SCAN CYCLE
[2025-11-24 06:26:55] ================================================================================

[2025-11-24 06:26:55] 
================================================================================
[2025-11-24 06:26:55] STEP 1: Fetching Hashes from MalwareBazaar API
[2025-11-24 06:26:55] ================================================================================
[2025-11-24 06:26:55] Fetching recent malware samples from MalwareBazaar API (Last 24 Hours).
[2025-11-24 06:26:55] Querying MalwareBazaar API: recent_detections
[2025-11-24 06:26:57] Received 776 Samples from API
[2025-11-24 06:26:57] Extracted 776 Unique Hashes
[2025-11-24 06:26:57] Sample hashes: ['380b7de626148b87', '7981a49164b98612', 'de4ab57bff053d42']
[2025-11-24 06:26:57] 
================================================================================
[2025-11-24 06:26:57] STEP 1.5: Loading Past Report Hashes (SECTION 3)
[2025-11-24 06:26:57] ================================================================================
[2025-11-24 06:26:57] Found Latest Report: Data/Sample/1_IOC/scan_report_2025-11-24_04-13-51.644953.txt
[2025-11-24 06:26:57] Extracted 0 hashes from SECTION 3 of Data/Sample/1_IOC/scan_report_2025-11-24_04-13-51.644953.txt.
[2025-11-24 06:26:57] Loaded 0 hashes from past reports!

[2025-11-24 06:26:57] 
================================================================================
[2025-11-24 06:26:57] STEP 2: Filtering Unsigned Malware
[2025-11-24 06:26:57] ================================================================================
[2025-11-24 06:26:57] Filtering 776 Hashes to Remove Signed Malware
[2025-11-24 06:26:57] Filtered: 776 unsigned hashes remaining
[2025-11-24 06:26:57]   Excluded: 0 signed samples
[2025-11-24 06:26:57] New Hashes from MalwareBazaar: 728
[2025-11-24 06:26:57] Hashes from Past Reports: 0
[2025-11-24 06:26:57] Combined Unique Hashes to Check: 728

[2025-11-24 06:26:57] Limited to first 100 hash(es) for processing.

[2025-11-24 06:26:57] ================================================================================
[2025-11-24 06:26:57] STEP 3-6: Checking VirusTotal for Each Hash (Batches of 10)
[2025-11-24 06:26:57] ================================================================================
[2025-11-24 06:26:57] 
--- Batch 1/10 (10 hashes) ---
[2025-11-24 06:26:57] 
[1/100] Checking: 0e5a5d59042821b0897acdbffe06906e9bd4e338201627f74aae2102a2dc6aa5
[2025-11-24 06:26:57]   checking VirusTotal for: 0e5a5d59042821b0897acdbffe06906e9bd4e338201627f74aae2102a2dc6aa5
[2025-11-24 06:27:00] WebDriver Created Successfully
[2025-11-24 06:27:00]   URL: https://www.virustotal.com/gui/search/0e5a5d59042821b0897acdbffe06906e9bd4e338201627f74aae2102a2dc6aa5
[2025-11-24 06:27:03]   waiting 10 seconds for page to load
[2025-11-24 06:27:14]   Found: 64/70 detections
[2025-11-24 06:27:14] DETECTED: 64/70
[2025-11-24 06:27:16] 
[2/100] Checking: 42023c6d7cca789be7411fafa8c1962a5eb1f0a77bee5ddeb301b9dafe2a062f
[2025-11-24 06:27:16]   checking VirusTotal for: 42023c6d7cca789be7411fafa8c1962a5eb1f0a77bee5ddeb301b9dafe2a062f
[2025-11-24 06:27:18] WebDriver Created Successfully
[2025-11-24 06:27:18]   URL: https://www.virustotal.com/gui/search/42023c6d7cca789be7411fafa8c1962a5eb1f0a77bee5ddeb301b9dafe2a062f
[2025-11-24 06:27:21]   waiting 10 seconds for page to load
[2025-11-24 06:27:31]   Found: 60/70 detections
[2025-11-24 06:27:32] DETECTED: 60/70
[2025-11-24 06:27:34] 
[3/100] Checking: d56a07c317462768ba130133fa87c5a29b5254ae8467455d3e6c33a1de0460fd
[2025-11-24 06:27:34]   checking VirusTotal for: d56a07c317462768ba130133fa87c5a29b5254ae8467455d3e6c33a1de0460fd
[2025-11-24 06:27:36] WebDriver Created Successfully
[2025-11-24 06:27:36]   URL: https://www.virustotal.com/gui/search/d56a07c317462768ba130133fa87c5a29b5254ae8467455d3e6c33a1de0460fd
[2025-11-24 06:27:39]   waiting 10 seconds for page to load
[2025-11-24 06:27:49]   Found: 65/70 detections
[2025-11-24 06:27:50] DETECTED: 65/70
[2025-11-24 06:27:52] 
[4/100] Checking: 8705d24eb411c82b1b450d0c4d158728a9f6bd3beb37f2f5fca2bf5347c6b361
[2025-11-24 06:27:52]   checking VirusTotal for: 8705d24eb411c82b1b450d0c4d158728a9f6bd3beb37f2f5fca2bf5347c6b361
[2025-11-24 06:27:53] WebDriver Created Successfully
[2025-11-24 06:27:53]   URL: https://www.virustotal.com/gui/search/8705d24eb411c82b1b450d0c4d158728a9f6bd3beb37f2f5fca2bf5347c6b361
[2025-11-24 06:27:56]   waiting 10 seconds for page to load
[2025-11-24 06:28:06]   Found: 65/70 detections
[2025-11-24 06:28:07] DETECTED: 65/70
[2025-11-24 06:28:09] 
[5/100] Checking: 4ecaa18a5b022c8a5117c58255403f0895c4dc50420fad611813b42e089349f8
[2025-11-24 06:28:09]   checking VirusTotal for: 4ecaa18a5b022c8a5117c58255403f0895c4dc50420fad611813b42e089349f8
[2025-11-24 06:28:10] WebDriver Created Successfully
[2025-11-24 06:28:10]   URL: https://www.virustotal.com/gui/search/4ecaa18a5b022c8a5117c58255403f0895c4dc50420fad611813b42e089349f8
[2025-11-24 06:28:14]   waiting 10 seconds for page to load
[2025-11-24 06:28:24]   Found: 31/63 detections
[2025-11-24 06:28:24] DETECTED: 31/63
[2025-11-24 06:28:26] 
[6/100] Checking: b91a880aeff2ecf0dc24b560926305771657603949eeddab7022b6a642f23325
[2025-11-24 06:28:26]   checking VirusTotal for: b91a880aeff2ecf0dc24b560926305771657603949eeddab7022b6a642f23325
[2025-11-24 06:28:28] WebDriver Created Successfully
[2025-11-24 06:28:28]   URL: https://www.virustotal.com/gui/search/b91a880aeff2ecf0dc24b560926305771657603949eeddab7022b6a642f23325
[2025-11-24 06:28:31]   waiting 10 seconds for page to load
[2025-11-24 06:28:41]   Found: 62/67 detections
[2025-11-24 06:28:41] DETECTED: 62/67
[2025-11-24 06:28:43] 
[7/100] Checking: 44b73c9f140721ccfe16d10774f1047c74055e3e8efe3f6330623ca82718ee4e
[2025-11-24 06:28:43]   checking VirusTotal for: 44b73c9f140721ccfe16d10774f1047c74055e3e8efe3f6330623ca82718ee4e
[2025-11-24 06:28:45] WebDriver Created Successfully
[2025-11-24 06:28:45]   URL: https://www.virustotal.com/gui/search/44b73c9f140721ccfe16d10774f1047c74055e3e8efe3f6330623ca82718ee4e
[2025-11-24 06:28:49]   waiting 10 seconds for page to load
[2025-11-24 06:28:59]   Found: 65/72 detections
[2025-11-24 06:28:59] DETECTED: 65/72
[2025-11-24 06:29:01] 
[8/100] Checking: 4426227e0cebfcb6071c2645d0b076c4cdf9e3dde7edb9f18a1028a58eca047b
[2025-11-24 06:29:01]   checking VirusTotal for: 4426227e0cebfcb6071c2645d0b076c4cdf9e3dde7edb9f18a1028a58eca047b
[2025-11-24 06:29:03] WebDriver Created Successfully
[2025-11-24 06:29:03]   URL: https://www.virustotal.com/gui/search/4426227e0cebfcb6071c2645d0b076c4cdf9e3dde7edb9f18a1028a58eca047b
[2025-11-24 06:29:06]   waiting 10 seconds for page to load
[2025-11-24 06:29:16]   Found: 19/62 detections
[2025-11-24 06:29:16] DETECTED: 19/62
[2025-11-24 06:29:18] 
[9/100] Checking: 1d2acfd7f8566cfac5d87bbd85193cb63c47f40589061cbb8cb245c9a1c94e52
[2025-11-24 06:29:18]   checking VirusTotal for: 1d2acfd7f8566cfac5d87bbd85193cb63c47f40589061cbb8cb245c9a1c94e52
[2025-11-24 06:29:20] WebDriver Created Successfully
[2025-11-24 06:29:20]   URL: https://www.virustotal.com/gui/search/1d2acfd7f8566cfac5d87bbd85193cb63c47f40589061cbb8cb245c9a1c94e52
[2025-11-24 06:29:23]   waiting 10 seconds for page to load
[2025-11-24 06:29:34]   Found: 65/72 detections
[2025-11-24 06:29:34] DETECTED: 65/72
[2025-11-24 06:29:36] 
[10/100] Checking: bb76e9ccc65c0ad6714b3841e387667094d23ff6a3f8406c9b7165fa69495372
[2025-11-24 06:29:36]   checking VirusTotal for: bb76e9ccc65c0ad6714b3841e387667094d23ff6a3f8406c9b7165fa69495372
[2025-11-24 06:29:38] WebDriver Created Successfully
[2025-11-24 06:29:38]   URL: https://www.virustotal.com/gui/search/bb76e9ccc65c0ad6714b3841e387667094d23ff6a3f8406c9b7165fa69495372
[2025-11-24 06:29:41]   waiting 10 seconds for page to load
[2025-11-24 06:29:51]   Found: 60/70 detections
[2025-11-24 06:29:52] DETECTED: 60/70
[2025-11-24 06:29:54] 
⏸ Completed Batch 1/10
[2025-11-24 06:29:54] ⏸ Waiting 5 Minutes Before Next Batch
[2025-11-24 06:29:54]   300 seconds remaining
[2025-11-24 06:30:54]   240 seconds remaining
[2025-11-24 06:31:54]   180 seconds remaining
[2025-11-24 06:32:54]   120 seconds remaining
[2025-11-24 06:33:54]   60 seconds remaining
[2025-11-24 06:34:54] 5 minutes elapsed, continuing

[2025-11-24 06:34:54] 
--- Batch 2/10 (10 hashes) ---
[2025-11-24 06:34:54] 
[11/100] Checking: 7496c6976b0e8438ea6f69e103f1af1e6d501a7fe26380914cbfc4010d6cf5b5
[2025-11-24 06:34:54]   checking VirusTotal for: 7496c6976b0e8438ea6f69e103f1af1e6d501a7fe26380914cbfc4010d6cf5b5
[2025-11-24 06:34:57] WebDriver Created Successfully
[2025-11-24 06:34:57]   URL: https://www.virustotal.com/gui/search/7496c6976b0e8438ea6f69e103f1af1e6d501a7fe26380914cbfc4010d6cf5b5
[2025-11-24 06:35:01]   waiting 10 seconds for page to load
[2025-11-24 06:35:12]   Found: 24/62 detections
[2025-11-24 06:35:12] DETECTED: 24/62
[2025-11-24 06:35:14] 
[12/100] Checking: 9fdc2364c83d1fcc712888f76b67131d84f1a702c28071e101bf7638f86c902d
[2025-11-24 06:35:14]   checking VirusTotal for: 9fdc2364c83d1fcc712888f76b67131d84f1a702c28071e101bf7638f86c902d
[2025-11-24 06:35:16] WebDriver Created Successfully
[2025-11-24 06:35:16]   URL: https://www.virustotal.com/gui/search/9fdc2364c83d1fcc712888f76b67131d84f1a702c28071e101bf7638f86c902d
[2025-11-24 06:35:20]   waiting 10 seconds for page to load
[2025-11-24 06:35:30]   Found: 64/70 detections
[2025-11-24 06:35:31] DETECTED: 64/70
[2025-11-24 06:35:33] 
[13/100] Checking: e0aa628757ed96d02e2ed4ce43131f0ef390839d5deee079cd0b140ceb78de8c
[2025-11-24 06:35:33]   checking VirusTotal for: e0aa628757ed96d02e2ed4ce43131f0ef390839d5deee079cd0b140ceb78de8c
[2025-11-24 06:35:35] WebDriver Created Successfully
[2025-11-24 06:35:35]   URL: https://www.virustotal.com/gui/search/e0aa628757ed96d02e2ed4ce43131f0ef390839d5deee079cd0b140ceb78de8c
[2025-11-24 06:35:38]   waiting 10 seconds for page to load
[2025-11-24 06:35:48]   Found: 59/64 detections
[2025-11-24 06:35:48] DETECTED: 59/64
[2025-11-24 06:35:50] 
[14/100] Checking: d40ea48e9633411e97b6e1435cacdc1dbc51d9eb68f9e0be05f9737d4d60bea9
[2025-11-24 06:35:50]   checking VirusTotal for: d40ea48e9633411e97b6e1435cacdc1dbc51d9eb68f9e0be05f9737d4d60bea9
[2025-11-24 06:35:52] WebDriver Created Successfully
[2025-11-24 06:35:52]   URL: https://www.virustotal.com/gui/search/d40ea48e9633411e97b6e1435cacdc1dbc51d9eb68f9e0be05f9737d4d60bea9
[2025-11-24 06:35:56]   waiting 10 seconds for page to load
[2025-11-24 06:36:06]   Found: 10/62 detections
[2025-11-24 06:36:06] DETECTED: 10/62
[2025-11-24 06:36:08] 
[15/100] Checking: 98175bd7d6c9b3390a5f7e971b2b63d22c568f525f0be62b38ff3a96fc4edd9c
[2025-11-24 06:36:08]   checking VirusTotal for: 98175bd7d6c9b3390a5f7e971b2b63d22c568f525f0be62b38ff3a96fc4edd9c
[2025-11-24 06:36:11] WebDriver Created Successfully
[2025-11-24 06:36:11]   URL: https://www.virustotal.com/gui/search/98175bd7d6c9b3390a5f7e971b2b63d22c568f525f0be62b38ff3a96fc4edd9c
[2025-11-24 06:36:15]   waiting 10 seconds for page to load
[2025-11-24 06:36:25]   Found: 59/72 detections
[2025-11-24 06:36:25] DETECTED: 59/72
[2025-11-24 06:36:27] 
[16/100] Checking: 36501ff706eae486b28125c1a165f3227bb22104b0f7ed832120cad36ea8caa1
[2025-11-24 06:36:27]   checking VirusTotal for: 36501ff706eae486b28125c1a165f3227bb22104b0f7ed832120cad36ea8caa1
[2025-11-24 06:36:29] WebDriver Created Successfully
[2025-11-24 06:36:29]   URL: https://www.virustotal.com/gui/search/36501ff706eae486b28125c1a165f3227bb22104b0f7ed832120cad36ea8caa1
[2025-11-24 06:36:32]   waiting 10 seconds for page to load
[2025-11-24 06:36:42]   Found: 62/67 detections
[2025-11-24 06:36:42] DETECTED: 62/67
[2025-11-24 06:36:44] 
[17/100] Checking: ea317213b6e60347a0ff04e9971d52f23b6326e5ff10e011347e12e24f937c2c
[2025-11-24 06:36:44]   checking VirusTotal for: ea317213b6e60347a0ff04e9971d52f23b6326e5ff10e011347e12e24f937c2c
[2025-11-24 06:36:46] WebDriver Created Successfully
[2025-11-24 06:36:46]   URL: https://www.virustotal.com/gui/search/ea317213b6e60347a0ff04e9971d52f23b6326e5ff10e011347e12e24f937c2c
[2025-11-24 06:36:49]   waiting 10 seconds for page to load
[2025-11-24 06:36:59]   Found: 57/64 detections
[2025-11-24 06:37:00] DETECTED: 57/64
[2025-11-24 06:37:02] 
[18/100] Checking: d633d1ca4811f232d0594a19e7fb1caff2af4de4c229d06a60e0ae31068a5bd6
[2025-11-24 06:37:02]   checking VirusTotal for: d633d1ca4811f232d0594a19e7fb1caff2af4de4c229d06a60e0ae31068a5bd6
[2025-11-24 06:37:03] WebDriver Created Successfully
[2025-11-24 06:37:03]   URL: https://www.virustotal.com/gui/search/d633d1ca4811f232d0594a19e7fb1caff2af4de4c229d06a60e0ae31068a5bd6
[2025-11-24 06:37:07]   waiting 10 seconds for page to load
[2025-11-24 06:37:17]   Hash not found or no detection data!
[2025-11-24 06:37:17] NOT DETECTED in VirusTotal
[2025-11-24 06:37:19] 
[19/100] Checking: 2ef62badb31a555ea89d953850b28c6ac0c3839eb11a0d48f6bfd9e4cc09a8fb
[2025-11-24 06:37:19]   checking VirusTotal for: 2ef62badb31a555ea89d953850b28c6ac0c3839eb11a0d48f6bfd9e4cc09a8fb
[2025-11-24 06:37:21] WebDriver Created Successfully
[2025-11-24 06:37:21]   URL: https://www.virustotal.com/gui/search/2ef62badb31a555ea89d953850b28c6ac0c3839eb11a0d48f6bfd9e4cc09a8fb
[2025-11-24 06:37:25]   waiting 10 seconds for page to load
[2025-11-24 06:37:35]   Found: 57/63 detections
[2025-11-24 06:37:35] DETECTED: 57/63
[2025-11-24 06:37:37] 
[20/100] Checking: 129379444c68a3663418e1aecad718886d70947f8aa1dd4da840206c64c512a2
[2025-11-24 06:37:37]   checking VirusTotal for: 129379444c68a3663418e1aecad718886d70947f8aa1dd4da840206c64c512a2
[2025-11-24 06:37:39] WebDriver Created Successfully
[2025-11-24 06:37:39]   URL: https://www.virustotal.com/gui/search/129379444c68a3663418e1aecad718886d70947f8aa1dd4da840206c64c512a2
[2025-11-24 06:37:43]   waiting 10 seconds for page to load
[2025-11-24 06:37:53]   Found: 62/69 detections
[2025-11-24 06:37:53] DETECTED: 62/69
[2025-11-24 06:37:55] 
⏸ Completed Batch 2/10
[2025-11-24 06:37:55] ⏸ Waiting 5 Minutes Before Next Batch
[2025-11-24 06:37:55]   300 seconds remaining
[2025-11-24 06:38:55]   240 seconds remaining
[2025-11-24 06:39:56]   180 seconds remaining
[2025-11-24 06:40:56]   120 seconds remaining
[2025-11-24 06:41:56]   60 seconds remaining
[2025-11-24 06:42:56] 5 minutes elapsed, continuing

[2025-11-24 06:42:56] 
--- Batch 3/10 (10 hashes) ---
[2025-11-24 06:42:56] 
[21/100] Checking: 7150604ca597e365180304533968736b8db92d031a80a82c1fc567252ebb8c57
[2025-11-24 06:42:56]   checking VirusTotal for: 7150604ca597e365180304533968736b8db92d031a80a82c1fc567252ebb8c57
[2025-11-24 06:42:59] WebDriver Created Successfully
[2025-11-24 06:42:59]   URL: https://www.virustotal.com/gui/search/7150604ca597e365180304533968736b8db92d031a80a82c1fc567252ebb8c57
[2025-11-24 06:43:02]   waiting 10 seconds for page to load
[2025-11-24 06:43:12]   Found: 4/63 detections
[2025-11-24 06:43:12] DETECTED: 4/63
[2025-11-24 06:43:14] 
[22/100] Checking: 3156a9c4a5b3ec2b074d21be003eac19dcd8c1e15a7ed9592e219d36a971ca8f
[2025-11-24 06:43:14]   checking VirusTotal for: 3156a9c4a5b3ec2b074d21be003eac19dcd8c1e15a7ed9592e219d36a971ca8f
[2025-11-24 06:43:16] WebDriver Created Successfully
[2025-11-24 06:43:16]   URL: https://www.virustotal.com/gui/search/3156a9c4a5b3ec2b074d21be003eac19dcd8c1e15a7ed9592e219d36a971ca8f
[2025-11-24 06:43:19]   waiting 10 seconds for page to load
[2025-11-24 06:43:29]   Found: 46/63 detections
[2025-11-24 06:43:29] DETECTED: 46/63
[2025-11-24 06:43:31] 
[23/100] Checking: 1a6664719dbf77c2c0b1ebdc467d8558584f9373b0c8825024463ff9e58fd75f
[2025-11-24 06:43:31]   checking VirusTotal for: 1a6664719dbf77c2c0b1ebdc467d8558584f9373b0c8825024463ff9e58fd75f
[2025-11-24 06:43:33] WebDriver Created Successfully
[2025-11-24 06:43:33]   URL: https://www.virustotal.com/gui/search/1a6664719dbf77c2c0b1ebdc467d8558584f9373b0c8825024463ff9e58fd75f
[2025-11-24 06:43:36]   waiting 10 seconds for page to load
[2025-11-24 06:43:47]   Found: 64/69 detections
[2025-11-24 06:43:47] DETECTED: 64/69
[2025-11-24 06:43:49] 
[24/100] Checking: 714405eebd85f28d9b8592ba8482f88bc18f78902d8eceda9471935d55d420b8
[2025-11-24 06:43:49]   checking VirusTotal for: 714405eebd85f28d9b8592ba8482f88bc18f78902d8eceda9471935d55d420b8
[2025-11-24 06:43:50] WebDriver Created Successfully
[2025-11-24 06:43:50]   URL: https://www.virustotal.com/gui/search/714405eebd85f28d9b8592ba8482f88bc18f78902d8eceda9471935d55d420b8
[2025-11-24 06:43:54]   waiting 10 seconds for page to load
[2025-11-24 06:44:05]   Found: 61/72 detections
[2025-11-24 06:44:05] DETECTED: 61/72
[2025-11-24 06:44:07] 
[25/100] Checking: 3a794e3197c5e3d3fb294f9b6d44af49f1ae517f9bab4464a6d823ac46277ae1
[2025-11-24 06:44:07]   checking VirusTotal for: 3a794e3197c5e3d3fb294f9b6d44af49f1ae517f9bab4464a6d823ac46277ae1
[2025-11-24 06:44:08] WebDriver Created Successfully
[2025-11-24 06:44:08]   URL: https://www.virustotal.com/gui/search/3a794e3197c5e3d3fb294f9b6d44af49f1ae517f9bab4464a6d823ac46277ae1
[2025-11-24 06:44:11]   waiting 10 seconds for page to load
[2025-11-24 06:44:21]   Found: 39/63 detections
[2025-11-24 06:44:21] DETECTED: 39/63
[2025-11-24 06:44:23] 
[26/100] Checking: 5ec5e1e7a90dd14c7f212e3e032fe6a3cf12d584f790493de038f33c3d5fb34c
[2025-11-24 06:44:23]   checking VirusTotal for: 5ec5e1e7a90dd14c7f212e3e032fe6a3cf12d584f790493de038f33c3d5fb34c
[2025-11-24 06:44:25] WebDriver Created Successfully
[2025-11-24 06:44:25]   URL: https://www.virustotal.com/gui/search/5ec5e1e7a90dd14c7f212e3e032fe6a3cf12d584f790493de038f33c3d5fb34c
[2025-11-24 06:44:28]   waiting 10 seconds for page to load
[2025-11-24 06:44:39]   Found: 34/62 detections
[2025-11-24 06:44:39] DETECTED: 34/62
[2025-11-24 06:44:41] 
[27/100] Checking: c6e629c8375df83184401dd941ca2d490e78a1a338a9d0acdd43665b333cebfe
[2025-11-24 06:44:41]   checking VirusTotal for: c6e629c8375df83184401dd941ca2d490e78a1a338a9d0acdd43665b333cebfe
[2025-11-24 06:44:42] WebDriver Created Successfully
[2025-11-24 06:44:42]   URL: https://www.virustotal.com/gui/search/c6e629c8375df83184401dd941ca2d490e78a1a338a9d0acdd43665b333cebfe
[2025-11-24 06:44:45]   waiting 10 seconds for page to load
[2025-11-24 06:44:55]   Found: 7/60 detections
[2025-11-24 06:44:56] DETECTED: 7/60
[2025-11-24 06:44:58] 
[28/100] Checking: c795c63e16fd180a30d904386dc4b9c3b210d699444a0aa78f4b795e96286fb0
[2025-11-24 06:44:58]   checking VirusTotal for: c795c63e16fd180a30d904386dc4b9c3b210d699444a0aa78f4b795e96286fb0
[2025-11-24 06:44:59] WebDriver Created Successfully
[2025-11-24 06:44:59]   URL: https://www.virustotal.com/gui/search/c795c63e16fd180a30d904386dc4b9c3b210d699444a0aa78f4b795e96286fb0
[2025-11-24 06:45:03]   waiting 10 seconds for page to load
[2025-11-24 06:45:13]   Found: 67/70 detections
[2025-11-24 06:45:13] DETECTED: 67/70
[2025-11-24 06:45:15] 
[29/100] Checking: e6545e5b6f110603100deece53f46db2b057d6463757e86df5f626c1cf5f7e77
[2025-11-24 06:45:15]   checking VirusTotal for: e6545e5b6f110603100deece53f46db2b057d6463757e86df5f626c1cf5f7e77
[2025-11-24 06:45:16] WebDriver Created Successfully
[2025-11-24 06:45:16]   URL: https://www.virustotal.com/gui/search/e6545e5b6f110603100deece53f46db2b057d6463757e86df5f626c1cf5f7e77
[2025-11-24 06:45:20]   waiting 10 seconds for page to load
[2025-11-24 06:45:30]   Found: 59/70 detections
[2025-11-24 06:45:30] DETECTED: 59/70
[2025-11-24 06:45:32] 
[30/100] Checking: 6d372c11da48d3567fee1cf8929a89fbbb3b7ed4886fe7ee6a80e3f63f5980b7
[2025-11-24 06:45:32]   checking VirusTotal for: 6d372c11da48d3567fee1cf8929a89fbbb3b7ed4886fe7ee6a80e3f63f5980b7
[2025-11-24 06:45:34] WebDriver Created Successfully
[2025-11-24 06:45:34]   URL: https://www.virustotal.com/gui/search/6d372c11da48d3567fee1cf8929a89fbbb3b7ed4886fe7ee6a80e3f63f5980b7
[2025-11-24 06:45:37]   waiting 10 seconds for page to load
[2025-11-24 06:45:47]   Found: 66/72 detections
[2025-11-24 06:45:47] DETECTED: 66/72
[2025-11-24 06:45:49] 
⏸ Completed Batch 3/10
[2025-11-24 06:45:49] ⏸ Waiting 5 Minutes Before Next Batch
[2025-11-24 06:45:49]   300 seconds remaining
[2025-11-24 06:46:49]   240 seconds remaining
[2025-11-24 06:47:49]   180 seconds remaining
[2025-11-24 06:48:50]   120 seconds remaining
[2025-11-24 06:49:50]   60 seconds remaining
[2025-11-24 06:50:50] 5 minutes elapsed, continuing

[2025-11-24 06:50:50] 
--- Batch 4/10 (10 hashes) ---
[2025-11-24 06:50:50] 
[31/100] Checking: e4f1163ae08e51ea8206a3a88c24e7db04b18b6208ed3aef68caf0fdd0e23cd0
[2025-11-24 06:50:50]   checking VirusTotal for: e4f1163ae08e51ea8206a3a88c24e7db04b18b6208ed3aef68caf0fdd0e23cd0
[2025-11-24 06:50:52] WebDriver Created Successfully
[2025-11-24 06:50:52]   URL: https://www.virustotal.com/gui/search/e4f1163ae08e51ea8206a3a88c24e7db04b18b6208ed3aef68caf0fdd0e23cd0
[2025-11-24 06:50:55]   waiting 10 seconds for page to load
[2025-11-24 06:51:05]   Found: 42/65 detections
[2025-11-24 06:51:05] DETECTED: 42/65
[2025-11-24 06:51:07] 
[32/100] Checking: 9d4555ec557c9b887522dde10db51e686601b5063a763a48b1ba1f620a94f180
[2025-11-24 06:51:07]   checking VirusTotal for: 9d4555ec557c9b887522dde10db51e686601b5063a763a48b1ba1f620a94f180
[2025-11-24 06:51:09] WebDriver Created Successfully
[2025-11-24 06:51:09]   URL: https://www.virustotal.com/gui/search/9d4555ec557c9b887522dde10db51e686601b5063a763a48b1ba1f620a94f180
[2025-11-24 06:51:12]   waiting 10 seconds for page to load
[2025-11-24 06:51:22]   Found: 58/70 detections
[2025-11-24 06:51:22] DETECTED: 58/70
[2025-11-24 06:51:24] 
[33/100] Checking: a1b14673caab6263f864ea5cfdbee227f5b10b65f138cd157bc71765d0973ef3
[2025-11-24 06:51:24]   checking VirusTotal for: a1b14673caab6263f864ea5cfdbee227f5b10b65f138cd157bc71765d0973ef3
[2025-11-24 06:51:26] WebDriver Created Successfully
[2025-11-24 06:51:26]   URL: https://www.virustotal.com/gui/search/a1b14673caab6263f864ea5cfdbee227f5b10b65f138cd157bc71765d0973ef3
[2025-11-24 06:51:29]   waiting 10 seconds for page to load
[2025-11-24 06:51:39]   Found: 18/62 detections
[2025-11-24 06:51:40] DETECTED: 18/62
[2025-11-24 06:51:42] 
[34/100] Checking: 1ff3b686268fb31afae4ff1347cf8a6246b2ff01dd6f51b2fd2b450437e7dbd1
[2025-11-24 06:51:42]   checking VirusTotal for: 1ff3b686268fb31afae4ff1347cf8a6246b2ff01dd6f51b2fd2b450437e7dbd1
[2025-11-24 06:51:43] WebDriver Created Successfully
[2025-11-24 06:51:43]   URL: https://www.virustotal.com/gui/search/1ff3b686268fb31afae4ff1347cf8a6246b2ff01dd6f51b2fd2b450437e7dbd1
[2025-11-24 06:51:47]   waiting 10 seconds for page to load
[2025-11-24 06:51:57]   Found: 64/70 detections
[2025-11-24 06:51:57] DETECTED: 64/70
[2025-11-24 06:51:59] 
[35/100] Checking: ceec1b998b875ecd3775d6a17eaba7291dd5eefa98abb481b23dfbf92b59d8f2
[2025-11-24 06:51:59]   checking VirusTotal for: ceec1b998b875ecd3775d6a17eaba7291dd5eefa98abb481b23dfbf92b59d8f2
[2025-11-24 06:52:01] WebDriver Created Successfully
[2025-11-24 06:52:01]   URL: https://www.virustotal.com/gui/search/ceec1b998b875ecd3775d6a17eaba7291dd5eefa98abb481b23dfbf92b59d8f2
[2025-11-24 06:52:04]   waiting 10 seconds for page to load
[2025-11-24 06:52:14]   Found: 2/63 detections
[2025-11-24 06:52:14] DETECTED: 2/63
[2025-11-24 06:52:16] 
[36/100] Checking: 596d2c81d2c59e581560d575f8f6b91d654667d09cd86376267577f7fda9b420
[2025-11-24 06:52:16]   checking VirusTotal for: 596d2c81d2c59e581560d575f8f6b91d654667d09cd86376267577f7fda9b420
[2025-11-24 06:52:18] WebDriver Created Successfully
[2025-11-24 06:52:18]   URL: https://www.virustotal.com/gui/search/596d2c81d2c59e581560d575f8f6b91d654667d09cd86376267577f7fda9b420
[2025-11-24 06:52:21]   waiting 10 seconds for page to load
[2025-11-24 06:52:31]   Found: 59/67 detections
[2025-11-24 06:52:32] DETECTED: 59/67
[2025-11-24 06:52:34] 
[37/100] Checking: bfce566ab2ba8cc96221aa2e3397479eba8d4844755d26cad402229c77817e3c
[2025-11-24 06:52:34]   checking VirusTotal for: bfce566ab2ba8cc96221aa2e3397479eba8d4844755d26cad402229c77817e3c
[2025-11-24 06:52:35] WebDriver Created Successfully
[2025-11-24 06:52:35]   URL: https://www.virustotal.com/gui/search/bfce566ab2ba8cc96221aa2e3397479eba8d4844755d26cad402229c77817e3c
[2025-11-24 06:52:38]   waiting 10 seconds for page to load
[2025-11-24 06:52:48]   Found: 54/70 detections
[2025-11-24 06:52:48] DETECTED: 54/70
[2025-11-24 06:52:50] 
[38/100] Checking: ce8bb22be29d0043943e2a2a0516d6138aae58dafcd9ad76236a4510e693d9f0
[2025-11-24 06:52:50]   checking VirusTotal for: ce8bb22be29d0043943e2a2a0516d6138aae58dafcd9ad76236a4510e693d9f0
[2025-11-24 06:52:52] WebDriver Created Successfully
[2025-11-24 06:52:52]   URL: https://www.virustotal.com/gui/search/ce8bb22be29d0043943e2a2a0516d6138aae58dafcd9ad76236a4510e693d9f0
[2025-11-24 06:52:56]   waiting 10 seconds for page to load
[2025-11-24 06:53:06]   Found: 22/70 detections
[2025-11-24 06:53:06] DETECTED: 22/70
[2025-11-24 06:53:08] 
[39/100] Checking: 1906c8121bd71381056ba5f18c3a88de5af82caecaf7a83bbf937d06cfff868d
[2025-11-24 06:53:08]   checking VirusTotal for: 1906c8121bd71381056ba5f18c3a88de5af82caecaf7a83bbf937d06cfff868d
[2025-11-24 06:53:10] WebDriver Created Successfully
[2025-11-24 06:53:10]   URL: https://www.virustotal.com/gui/search/1906c8121bd71381056ba5f18c3a88de5af82caecaf7a83bbf937d06cfff868d
[2025-11-24 06:53:13]   waiting 10 seconds for page to load
[2025-11-24 06:53:23]   Found: 66/70 detections
[2025-11-24 06:53:23] DETECTED: 66/70
[2025-11-24 06:53:25] 
[40/100] Checking: 9c05d6efa2b0c5620ec9ca173a33b6e860c6e1c413bc1cb4396f5f2c840e3eff
[2025-11-24 06:53:25]   checking VirusTotal for: 9c05d6efa2b0c5620ec9ca173a33b6e860c6e1c413bc1cb4396f5f2c840e3eff
[2025-11-24 06:53:26] WebDriver Created Successfully
[2025-11-24 06:53:26]   URL: https://www.virustotal.com/gui/search/9c05d6efa2b0c5620ec9ca173a33b6e860c6e1c413bc1cb4396f5f2c840e3eff
[2025-11-24 06:53:29]   waiting 10 seconds for page to load
[2025-11-24 06:53:39]   Found: 56/70 detections
[2025-11-24 06:53:40] DETECTED: 56/70
[2025-11-24 06:53:42] 
⏸ Completed Batch 4/10
[2025-11-24 06:53:42] ⏸ Waiting 5 Minutes Before Next Batch
[2025-11-24 06:53:42]   300 seconds remaining
[2025-11-24 06:54:42]   240 seconds remaining
[2025-11-24 06:55:42]   180 seconds remaining
[2025-11-24 06:56:42]   120 seconds remaining
[2025-11-24 06:57:42]   60 seconds remaining
[2025-11-24 06:58:42] 5 minutes elapsed, continuing

[2025-11-24 06:58:42] 
--- Batch 5/10 (10 hashes) ---
[2025-11-24 06:58:42] 
[41/100] Checking: 7543f6f084a4cdbdeab2b91e646be81069af43557384dbc8f42038ed0bf00dff
[2025-11-24 06:58:42]   checking VirusTotal for: 7543f6f084a4cdbdeab2b91e646be81069af43557384dbc8f42038ed0bf00dff
[2025-11-24 06:58:44] WebDriver Created Successfully
[2025-11-24 06:58:44]   URL: https://www.virustotal.com/gui/search/7543f6f084a4cdbdeab2b91e646be81069af43557384dbc8f42038ed0bf00dff
[2025-11-24 06:58:47]   waiting 10 seconds for page to load
[2025-11-24 06:58:58]   Found: 63/68 detections
[2025-11-24 06:58:58] DETECTED: 63/68
[2025-11-24 06:59:00] 
[42/100] Checking: fa8112599efe186712a6883ce5ac028f6d7d8e5d7301b92f5ec42ac1801c939d
[2025-11-24 06:59:00]   checking VirusTotal for: fa8112599efe186712a6883ce5ac028f6d7d8e5d7301b92f5ec42ac1801c939d
[2025-11-24 06:59:01] WebDriver Created Successfully
[2025-11-24 06:59:01]   URL: https://www.virustotal.com/gui/search/fa8112599efe186712a6883ce5ac028f6d7d8e5d7301b92f5ec42ac1801c939d
[2025-11-24 06:59:04]   waiting 10 seconds for page to load
[2025-11-24 06:59:14]   Found: 17/61 detections
[2025-11-24 06:59:15] DETECTED: 17/61
[2025-11-24 06:59:17] 
[43/100] Checking: bf279efd14dd25bcd0b9292c677df631b7d9520029e15f2d2b8cba49177fc3ef
[2025-11-24 06:59:17]   checking VirusTotal for: bf279efd14dd25bcd0b9292c677df631b7d9520029e15f2d2b8cba49177fc3ef
[2025-11-24 06:59:19] WebDriver Created Successfully
[2025-11-24 06:59:19]   URL: https://www.virustotal.com/gui/search/bf279efd14dd25bcd0b9292c677df631b7d9520029e15f2d2b8cba49177fc3ef
[2025-11-24 06:59:22]   waiting 10 seconds for page to load
[2025-11-24 06:59:32]   Found: 64/67 detections
[2025-11-24 06:59:32] DETECTED: 64/67
[2025-11-24 06:59:34] 
[44/100] Checking: ef1baf100ca217e6cd4763e11fd43b3a69629ea09fae37bfee6155d368e61460
[2025-11-24 06:59:34]   checking VirusTotal for: ef1baf100ca217e6cd4763e11fd43b3a69629ea09fae37bfee6155d368e61460
[2025-11-24 06:59:36] WebDriver Created Successfully
[2025-11-24 06:59:36]   URL: https://www.virustotal.com/gui/search/ef1baf100ca217e6cd4763e11fd43b3a69629ea09fae37bfee6155d368e61460
[2025-11-24 06:59:39]   waiting 10 seconds for page to load
[2025-11-24 06:59:49]   Found: 66/72 detections
[2025-11-24 06:59:50] DETECTED: 66/72
[2025-11-24 06:59:52] 
[45/100] Checking: 88da6e4acf5dfce19e5fc4c35d55369c07bc6ed3cc12f9dd8f0f2e8b08be4a90
[2025-11-24 06:59:52]   checking VirusTotal for: 88da6e4acf5dfce19e5fc4c35d55369c07bc6ed3cc12f9dd8f0f2e8b08be4a90
[2025-11-24 06:59:53] WebDriver Created Successfully
[2025-11-24 06:59:53]   URL: https://www.virustotal.com/gui/search/88da6e4acf5dfce19e5fc4c35d55369c07bc6ed3cc12f9dd8f0f2e8b08be4a90
[2025-11-24 06:59:56]   waiting 10 seconds for page to load
[2025-11-24 07:00:07]   Found: 38/63 detections
[2025-11-24 07:00:07] DETECTED: 38/63
[2025-11-24 07:00:09] 
[46/100] Checking: 4a3cb19457bef557ede860ec1b92aad9e82b48764e783bfbc5fc88a2918b36dd
[2025-11-24 07:00:09]   checking VirusTotal for: 4a3cb19457bef557ede860ec1b92aad9e82b48764e783bfbc5fc88a2918b36dd
[2025-11-24 07:00:10] WebDriver Created Successfully
[2025-11-24 07:00:10]   URL: https://www.virustotal.com/gui/search/4a3cb19457bef557ede860ec1b92aad9e82b48764e783bfbc5fc88a2918b36dd
[2025-11-24 07:00:14]   waiting 10 seconds for page to load
[2025-11-24 07:00:24]   Found: 38/58 detections
[2025-11-24 07:00:24] DETECTED: 38/58
[2025-11-24 07:00:26] 
[47/100] Checking: 41c40cad40ad7a1ee722bc61a8abfd1cb316b6b0d6a8b0969db1458701322e64
[2025-11-24 07:00:26]   checking VirusTotal for: 41c40cad40ad7a1ee722bc61a8abfd1cb316b6b0d6a8b0969db1458701322e64
[2025-11-24 07:00:28] WebDriver Created Successfully
[2025-11-24 07:00:28]   URL: https://www.virustotal.com/gui/search/41c40cad40ad7a1ee722bc61a8abfd1cb316b6b0d6a8b0969db1458701322e64
[2025-11-24 07:00:31]   waiting 10 seconds for page to load
[2025-11-24 07:00:41]   Found: 57/65 detections
[2025-11-24 07:00:41] DETECTED: 57/65
[2025-11-24 07:00:43] 
[48/100] Checking: 89c0ba46177b8a0f92360767472cc7867b8a00a060caac72bb5d80cd28d03346
[2025-11-24 07:00:43]   checking VirusTotal for: 89c0ba46177b8a0f92360767472cc7867b8a00a060caac72bb5d80cd28d03346
[2025-11-24 07:00:45] WebDriver Created Successfully
[2025-11-24 07:00:45]   URL: https://www.virustotal.com/gui/search/89c0ba46177b8a0f92360767472cc7867b8a00a060caac72bb5d80cd28d03346
[2025-11-24 07:00:48]   waiting 10 seconds for page to load
[2025-11-24 07:00:58]   Found: 38/54 detections
[2025-11-24 07:00:58] DETECTED: 38/54
[2025-11-24 07:01:00] 
[49/100] Checking: 464ecff212442163b17cabaddcb4df1ac77fba48c7382663953d96f546fb2531
[2025-11-24 07:01:00]   checking VirusTotal for: 464ecff212442163b17cabaddcb4df1ac77fba48c7382663953d96f546fb2531
[2025-11-24 07:02:32] Error Creating WebDriver: Could not reach host. Are you offline?
[2025-11-24 07:02:34] 
[50/100] Checking: d511afe83b4c9ec42ae4571e426a1f7975b18306415372e05d2f285566612aa2
[2025-11-24 07:02:34]   checking VirusTotal for: d511afe83b4c9ec42ae4571e426a1f7975b18306415372e05d2f285566612aa2
[2025-11-24 07:02:36] WebDriver Created Successfully
[2025-11-24 07:02:36]   URL: https://www.virustotal.com/gui/search/d511afe83b4c9ec42ae4571e426a1f7975b18306415372e05d2f285566612aa2
[2025-11-24 07:02:39]   waiting 10 seconds for page to load
[2025-11-24 07:02:50]   Found: 30/70 detections
[2025-11-24 07:02:50] DETECTED: 30/70
[2025-11-24 07:02:52] 
⏸ Completed Batch 5/10
[2025-11-24 07:02:52] ⏸ Waiting 5 Minutes Before Next Batch
[2025-11-24 07:02:52]   300 seconds remaining
[2025-11-24 07:03:52]   240 seconds remaining
[2025-11-24 07:04:52]   180 seconds remaining
[2025-11-24 07:05:52]   120 seconds remaining
[2025-11-24 07:06:52]   60 seconds remaining
[2025-11-24 07:07:52] 5 minutes elapsed, continuing

[2025-11-24 07:07:52] 
--- Batch 6/10 (10 hashes) ---
[2025-11-24 07:07:52] 
[51/100] Checking: a410eaa6a7c732cf09c00b141f779f8cb368ca357e652caf7380155dadcf0e45
[2025-11-24 07:07:52]   checking VirusTotal for: a410eaa6a7c732cf09c00b141f779f8cb368ca357e652caf7380155dadcf0e45
[2025-11-24 07:07:55] WebDriver Created Successfully
[2025-11-24 07:07:55]   URL: https://www.virustotal.com/gui/search/a410eaa6a7c732cf09c00b141f779f8cb368ca357e652caf7380155dadcf0e45
[2025-11-24 07:07:59]   waiting 10 seconds for page to load
[2025-11-24 07:08:09]   Found: 52/68 detections
[2025-11-24 07:08:09] DETECTED: 52/68
[2025-11-24 07:08:11] 
[52/100] Checking: 7981a49164b986125277c2148e5e7c595dada33adce84cfb4e89ea5b757cb5da
[2025-11-24 07:08:11]   checking VirusTotal for: 7981a49164b986125277c2148e5e7c595dada33adce84cfb4e89ea5b757cb5da
[2025-11-24 07:08:13] WebDriver Created Successfully
[2025-11-24 07:08:13]   URL: https://www.virustotal.com/gui/search/7981a49164b986125277c2148e5e7c595dada33adce84cfb4e89ea5b757cb5da
[2025-11-24 07:08:16]   waiting 10 seconds for page to load
[2025-11-24 07:08:26]   Found: 9/62 detections
[2025-11-24 07:08:26] DETECTED: 9/62
[2025-11-24 07:08:28] 
[53/100] Checking: 98dadffdf98ed9e6825c341badd79d7125f3ac1b20bb24451565cc828b06c116
[2025-11-24 07:08:28]   checking VirusTotal for: 98dadffdf98ed9e6825c341badd79d7125f3ac1b20bb24451565cc828b06c116
[2025-11-24 07:08:30] WebDriver Created Successfully
[2025-11-24 07:08:30]   URL: https://www.virustotal.com/gui/search/98dadffdf98ed9e6825c341badd79d7125f3ac1b20bb24451565cc828b06c116
[2025-11-24 07:08:33]   waiting 10 seconds for page to load
[2025-11-24 07:08:43]   Found: 60/67 detections
[2025-11-24 07:08:43] DETECTED: 60/67
[2025-11-24 07:08:45] 
[54/100] Checking: 4c9931f7d18931032a709727652b9781a1565ef91e35e041d1dfa2e4ae15d2e1
[2025-11-24 07:08:45]   checking VirusTotal for: 4c9931f7d18931032a709727652b9781a1565ef91e35e041d1dfa2e4ae15d2e1
[2025-11-24 07:08:47] WebDriver Created Successfully
[2025-11-24 07:08:47]   URL: https://www.virustotal.com/gui/search/4c9931f7d18931032a709727652b9781a1565ef91e35e041d1dfa2e4ae15d2e1
[2025-11-24 07:08:50]   waiting 10 seconds for page to load
[2025-11-24 07:09:00]   Found: 65/70 detections
[2025-11-24 07:09:00] DETECTED: 65/70
[2025-11-24 07:09:02] 
[55/100] Checking: 33edc4fef74be1f724188e0ce6769abe70e24a8e9b0a6dff5b137a58259bba46
[2025-11-24 07:09:02]   checking VirusTotal for: 33edc4fef74be1f724188e0ce6769abe70e24a8e9b0a6dff5b137a58259bba46
[2025-11-24 07:09:03] WebDriver Created Successfully
[2025-11-24 07:09:03]   URL: https://www.virustotal.com/gui/search/33edc4fef74be1f724188e0ce6769abe70e24a8e9b0a6dff5b137a58259bba46
[2025-11-24 07:09:06]   waiting 10 seconds for page to load
[2025-11-24 07:09:17]   Found: 67/70 detections
[2025-11-24 07:09:17] DETECTED: 67/70
[2025-11-24 07:09:19] 
[56/100] Checking: bd3f1730ddab14b7738bcf408872053d788dc727cfee126730f7ffc13040e3d6
[2025-11-24 07:09:19]   checking VirusTotal for: bd3f1730ddab14b7738bcf408872053d788dc727cfee126730f7ffc13040e3d6
[2025-11-24 07:09:20] WebDriver Created Successfully
[2025-11-24 07:09:20]   URL: https://www.virustotal.com/gui/search/bd3f1730ddab14b7738bcf408872053d788dc727cfee126730f7ffc13040e3d6
[2025-11-24 07:09:24]   waiting 10 seconds for page to load
[2025-11-24 07:09:34]   Found: 36/63 detections
[2025-11-24 07:09:34] DETECTED: 36/63
[2025-11-24 07:09:36] 
[57/100] Checking: 93f6f2fa328b29f2f49674372bf1d064519b2d4fbbc627357a83c4a574581a2f
[2025-11-24 07:09:36]   checking VirusTotal for: 93f6f2fa328b29f2f49674372bf1d064519b2d4fbbc627357a83c4a574581a2f
[2025-11-24 07:09:38] WebDriver Created Successfully
[2025-11-24 07:09:38]   URL: https://www.virustotal.com/gui/search/93f6f2fa328b29f2f49674372bf1d064519b2d4fbbc627357a83c4a574581a2f
[2025-11-24 07:09:41]   waiting 10 seconds for page to load
[2025-11-24 07:09:51]   Found: 66/70 detections
[2025-11-24 07:09:51] DETECTED: 66/70
[2025-11-24 07:09:53] 
[58/100] Checking: 2072d44596690890bf4e9d297296f81409f82346b8e2e91c55d628cb35c54d4a
[2025-11-24 07:09:53]   checking VirusTotal for: 2072d44596690890bf4e9d297296f81409f82346b8e2e91c55d628cb35c54d4a
[2025-11-24 07:09:54] WebDriver Created Successfully
[2025-11-24 07:09:54]   URL: https://www.virustotal.com/gui/search/2072d44596690890bf4e9d297296f81409f82346b8e2e91c55d628cb35c54d4a
[2025-11-24 07:09:58]   waiting 10 seconds for page to load
[2025-11-24 07:10:08]   Found: 18/69 detections
[2025-11-24 07:10:08] DETECTED: 18/69
[2025-11-24 07:10:10] 
[59/100] Checking: 106c3f815b13ae45c63a023f6d09cb39c33df03768ec3557778406133b675cfe
[2025-11-24 07:10:10]   checking VirusTotal for: 106c3f815b13ae45c63a023f6d09cb39c33df03768ec3557778406133b675cfe
[2025-11-24 07:10:12] WebDriver Created Successfully
[2025-11-24 07:10:12]   URL: https://www.virustotal.com/gui/search/106c3f815b13ae45c63a023f6d09cb39c33df03768ec3557778406133b675cfe
[2025-11-24 07:10:15]   waiting 10 seconds for page to load
[2025-11-24 07:10:25]   Found: 64/69 detections
[2025-11-24 07:10:26] DETECTED: 64/69
[2025-11-24 07:10:28] 
[60/100] Checking: fee40bafac78ddf07a4ab46a06d65a5f883248e5eaec69a75f737fc58910af41
[2025-11-24 07:10:28]   checking VirusTotal for: fee40bafac78ddf07a4ab46a06d65a5f883248e5eaec69a75f737fc58910af41
[2025-11-24 07:10:29] WebDriver Created Successfully
[2025-11-24 07:10:29]   URL: https://www.virustotal.com/gui/search/fee40bafac78ddf07a4ab46a06d65a5f883248e5eaec69a75f737fc58910af41
[2025-11-24 07:10:32]   waiting 10 seconds for page to load
[2025-11-24 07:10:42]   Found: 23/62 detections
[2025-11-24 07:10:43] DETECTED: 23/62
[2025-11-24 07:10:45] 
⏸ Completed Batch 6/10
[2025-11-24 07:10:45] ⏸ Waiting 5 Minutes Before Next Batch
[2025-11-24 07:10:45]   300 seconds remaining
[2025-11-24 07:11:45]   240 seconds remaining
[2025-11-24 07:12:45]   180 seconds remaining
[2025-11-24 07:13:45]   120 seconds remaining
[2025-11-24 07:14:45]   60 seconds remaining
[2025-11-24 07:15:45] 5 minutes elapsed, continuing

[2025-11-24 07:15:45] 
--- Batch 7/10 (10 hashes) ---
[2025-11-24 07:15:45] 
[61/100] Checking: f2def223d30d8ab6361a544bd901c2480f42021c6a64c7af61707fcf5fe80603
[2025-11-24 07:15:45]   checking VirusTotal for: f2def223d30d8ab6361a544bd901c2480f42021c6a64c7af61707fcf5fe80603
[2025-11-24 07:15:48] WebDriver Created Successfully
[2025-11-24 07:15:48]   URL: https://www.virustotal.com/gui/search/f2def223d30d8ab6361a544bd901c2480f42021c6a64c7af61707fcf5fe80603
[2025-11-24 07:15:51]   waiting 10 seconds for page to load
[2025-11-24 07:16:01]   Found: 64/70 detections
[2025-11-24 07:16:01] DETECTED: 64/70
[2025-11-24 07:16:03] 
[62/100] Checking: 59391a3197cef9e7792f17ceb5a4d435b3cadcf47999a70071d463e636607d85
[2025-11-24 07:16:03]   checking VirusTotal for: 59391a3197cef9e7792f17ceb5a4d435b3cadcf47999a70071d463e636607d85
[2025-11-24 07:16:05] WebDriver Created Successfully
[2025-11-24 07:16:05]   URL: https://www.virustotal.com/gui/search/59391a3197cef9e7792f17ceb5a4d435b3cadcf47999a70071d463e636607d85
[2025-11-24 07:16:08]   waiting 10 seconds for page to load
[2025-11-24 07:16:18]   Hash not found or no detection data!
[2025-11-24 07:16:18] NOT DETECTED in VirusTotal
[2025-11-24 07:16:20] 
[63/100] Checking: 2e3d24bbd0236f2b6c34ed9887ed3449d590161519ee187785a300df0de7de8d
[2025-11-24 07:16:20]   checking VirusTotal for: 2e3d24bbd0236f2b6c34ed9887ed3449d590161519ee187785a300df0de7de8d
[2025-11-24 07:16:22] WebDriver Created Successfully
[2025-11-24 07:16:22]   URL: https://www.virustotal.com/gui/search/2e3d24bbd0236f2b6c34ed9887ed3449d590161519ee187785a300df0de7de8d
[2025-11-24 07:16:25]   waiting 10 seconds for page to load
[2025-11-24 07:16:35]   Hash not found or no detection data!
[2025-11-24 07:16:35] NOT DETECTED in VirusTotal
[2025-11-24 07:16:37] 
[64/100] Checking: 8317fa1f91d11adb1497bdc187ff66bd3b62375ca2c8474c46795ea4d70b6f83
[2025-11-24 07:16:37]   checking VirusTotal for: 8317fa1f91d11adb1497bdc187ff66bd3b62375ca2c8474c46795ea4d70b6f83
[2025-11-24 07:16:39] WebDriver Created Successfully
[2025-11-24 07:16:39]   URL: https://www.virustotal.com/gui/search/8317fa1f91d11adb1497bdc187ff66bd3b62375ca2c8474c46795ea4d70b6f83
[2025-11-24 07:16:42]   waiting 10 seconds for page to load
[2025-11-24 07:16:52]   Hash not found or no detection data!
[2025-11-24 07:16:53] NOT DETECTED in VirusTotal
[2025-11-24 07:16:55] 
[65/100] Checking: d9f313457c0161e3459563e146d60a7d8c88180d19ac6b16240bb4e49e31bc67
[2025-11-24 07:16:55]   checking VirusTotal for: d9f313457c0161e3459563e146d60a7d8c88180d19ac6b16240bb4e49e31bc67
[2025-11-24 07:16:56] WebDriver Created Successfully
[2025-11-24 07:16:56]   URL: https://www.virustotal.com/gui/search/d9f313457c0161e3459563e146d60a7d8c88180d19ac6b16240bb4e49e31bc67
[2025-11-24 07:16:59]   waiting 10 seconds for page to load
[2025-11-24 07:17:09]   Hash not found or no detection data!
[2025-11-24 07:17:10] NOT DETECTED in VirusTotal
[2025-11-24 07:17:12] 
[66/100] Checking: 4159d8e199ee13ea7ec2355317cae2fca4cd49a27c44adea6dc9c0b7a6b52732
[2025-11-24 07:17:12]   checking VirusTotal for: 4159d8e199ee13ea7ec2355317cae2fca4cd49a27c44adea6dc9c0b7a6b52732
[2025-11-24 07:17:13] WebDriver Created Successfully
[2025-11-24 07:17:13]   URL: https://www.virustotal.com/gui/search/4159d8e199ee13ea7ec2355317cae2fca4cd49a27c44adea6dc9c0b7a6b52732
[2025-11-24 07:17:16]   waiting 10 seconds for page to load
[2025-11-24 07:17:26]   Hash not found or no detection data!
[2025-11-24 07:17:26] NOT DETECTED in VirusTotal
[2025-11-24 07:17:28] 
[67/100] Checking: 41632af09f181889fae7cc2a7068567db4dde177382780b71e81d69907c763f7
[2025-11-24 07:17:28]   checking VirusTotal for: 41632af09f181889fae7cc2a7068567db4dde177382780b71e81d69907c763f7
[2025-11-24 07:17:30] WebDriver Created Successfully
[2025-11-24 07:17:30]   URL: https://www.virustotal.com/gui/search/41632af09f181889fae7cc2a7068567db4dde177382780b71e81d69907c763f7
[2025-11-24 07:17:33]   waiting 10 seconds for page to load
[2025-11-24 07:17:43]   Hash not found or no detection data!
[2025-11-24 07:17:43] NOT DETECTED in VirusTotal
[2025-11-24 07:17:45] 
[68/100] Checking: 3273f921b59c98f024bfe386fd054f20e40e200c16040f09760549b8c1ff6751
[2025-11-24 07:17:45]   checking VirusTotal for: 3273f921b59c98f024bfe386fd054f20e40e200c16040f09760549b8c1ff6751
[2025-11-24 07:17:47] WebDriver Created Successfully
[2025-11-24 07:17:47]   URL: https://www.virustotal.com/gui/search/3273f921b59c98f024bfe386fd054f20e40e200c16040f09760549b8c1ff6751
[2025-11-24 07:17:50]   waiting 10 seconds for page to load
[2025-11-24 07:18:00]   Hash not found or no detection data!
[2025-11-24 07:18:00] NOT DETECTED in VirusTotal
[2025-11-24 07:18:02] 
[69/100] Checking: 8c8057356ba25f5845de11586756f0322a3654f6705f6dbed9ecd90fc67dfece
[2025-11-24 07:18:02]   checking VirusTotal for: 8c8057356ba25f5845de11586756f0322a3654f6705f6dbed9ecd90fc67dfece
[2025-11-24 07:18:04] WebDriver Created Successfully
[2025-11-24 07:18:04]   URL: https://www.virustotal.com/gui/search/8c8057356ba25f5845de11586756f0322a3654f6705f6dbed9ecd90fc67dfece
[2025-11-24 07:18:07]   waiting 10 seconds for page to load
[2025-11-24 07:18:17]   Hash not found or no detection data!
[2025-11-24 07:18:17] NOT DETECTED in VirusTotal
[2025-11-24 07:18:19] 
[70/100] Checking: 799918e97c0fa105c15be03466dbf6a8b9aca186fa840d1501db89e0f9e5bbac
[2025-11-24 07:18:19]   checking VirusTotal for: 799918e97c0fa105c15be03466dbf6a8b9aca186fa840d1501db89e0f9e5bbac
[2025-11-24 07:18:20] WebDriver Created Successfully
[2025-11-24 07:18:20]   URL: https://www.virustotal.com/gui/search/799918e97c0fa105c15be03466dbf6a8b9aca186fa840d1501db89e0f9e5bbac
[2025-11-24 07:18:24]   waiting 10 seconds for page to load
[2025-11-24 07:18:34]   Hash not found or no detection data!
[2025-11-24 07:18:34] NOT DETECTED in VirusTotal
[2025-11-24 07:18:36] 
⏸ Completed Batch 7/10
[2025-11-24 07:18:36] ⏸ Waiting 5 Minutes Before Next Batch
[2025-11-24 07:18:36]   300 seconds remaining
[2025-11-24 07:19:37]   240 seconds remaining
[2025-11-24 07:20:37]   180 seconds remaining
[2025-11-24 07:25:03]   120 seconds remaining
[2025-11-24 07:26:03]   60 seconds remaining
[2025-11-24 07:27:03] 5 minutes elapsed, continuing

[2025-11-24 07:27:03] 
--- Batch 8/10 (10 hashes) ---
[2025-11-24 07:27:03] 
[71/100] Checking: 7a2aa7939edd72a42eeedb556987deb4a38246cdced8c83886f9cb893394686e
[2025-11-24 07:27:03]   checking VirusTotal for: 7a2aa7939edd72a42eeedb556987deb4a38246cdced8c83886f9cb893394686e
[2025-11-24 07:27:06] WebDriver Created Successfully
[2025-11-24 07:27:06]   URL: https://www.virustotal.com/gui/search/7a2aa7939edd72a42eeedb556987deb4a38246cdced8c83886f9cb893394686e
[2025-11-24 07:27:09]   waiting 10 seconds for page to load
[2025-11-24 07:27:19]   Found: 38/63 detections
[2025-11-24 07:27:19] DETECTED: 38/63
[2025-11-24 07:27:21] 
[72/100] Checking: 871b9631ca62e60d887d5bd459e47077a06c06d111730a2fbe8e1f227938eb1b
[2025-11-24 07:27:21]   checking VirusTotal for: 871b9631ca62e60d887d5bd459e47077a06c06d111730a2fbe8e1f227938eb1b
[2025-11-24 07:27:23] WebDriver Created Successfully
[2025-11-24 07:27:23]   URL: https://www.virustotal.com/gui/search/871b9631ca62e60d887d5bd459e47077a06c06d111730a2fbe8e1f227938eb1b
[2025-11-24 07:27:25]   waiting 10 seconds for page to load
[2025-11-24 07:27:35]   Found: 51/68 detections
[2025-11-24 07:27:36] DETECTED: 51/68
[2025-11-24 07:27:38] 
[73/100] Checking: ed0b869d6f5fcf7a1300e593e64432e8e5160fa15505af5f25acfca135ac603c
[2025-11-24 07:27:38]   checking VirusTotal for: ed0b869d6f5fcf7a1300e593e64432e8e5160fa15505af5f25acfca135ac603c
[2025-11-24 07:27:39] WebDriver Created Successfully
[2025-11-24 07:27:39]   URL: https://www.virustotal.com/gui/search/ed0b869d6f5fcf7a1300e593e64432e8e5160fa15505af5f25acfca135ac603c
[2025-11-24 07:27:42]   waiting 10 seconds for page to load
[2025-11-24 07:27:52]   Found: 28/63 detections
[2025-11-24 07:27:52] DETECTED: 28/63
[2025-11-24 07:27:54] 
[74/100] Checking: 01b51e4a4c514c6ee8d9c2eb8b888182e24d21e8fd2b228e376a42048cbfe585
[2025-11-24 07:27:54]   checking VirusTotal for: 01b51e4a4c514c6ee8d9c2eb8b888182e24d21e8fd2b228e376a42048cbfe585
[2025-11-24 07:27:56] WebDriver Created Successfully
[2025-11-24 07:27:56]   URL: https://www.virustotal.com/gui/search/01b51e4a4c514c6ee8d9c2eb8b888182e24d21e8fd2b228e376a42048cbfe585
[2025-11-24 07:27:58]   waiting 10 seconds for page to load
[2025-11-24 07:28:09]   Found: 53/59 detections
[2025-11-24 07:28:09] DETECTED: 53/59
[2025-11-24 07:28:11] 
[75/100] Checking: 4410022f0ecbb686954a2b97f29ab59ba95eac554f96b4bd0aa88467dc684a46
[2025-11-24 07:28:11]   checking VirusTotal for: 4410022f0ecbb686954a2b97f29ab59ba95eac554f96b4bd0aa88467dc684a46
[2025-11-24 07:28:12] WebDriver Created Successfully
[2025-11-24 07:28:12]   URL: https://www.virustotal.com/gui/search/4410022f0ecbb686954a2b97f29ab59ba95eac554f96b4bd0aa88467dc684a46
[2025-11-24 07:28:15]   waiting 10 seconds for page to load
[2025-11-24 07:28:25]   Found: 49/69 detections
[2025-11-24 07:28:25] DETECTED: 49/69
[2025-11-24 07:28:27] 
[76/100] Checking: b17dd1984c62fc7fa7529c8c553c7d3a3d6ff380debc6ef260d5b73d06a5a9ea
[2025-11-24 07:28:27]   checking VirusTotal for: b17dd1984c62fc7fa7529c8c553c7d3a3d6ff380debc6ef260d5b73d06a5a9ea
[2025-11-24 07:28:29] WebDriver Created Successfully
[2025-11-24 07:28:29]   URL: https://www.virustotal.com/gui/search/b17dd1984c62fc7fa7529c8c553c7d3a3d6ff380debc6ef260d5b73d06a5a9ea
[2025-11-24 07:28:32]   waiting 10 seconds for page to load
[2025-11-24 07:28:42]   Found: 25/63 detections
[2025-11-24 07:28:42] DETECTED: 25/63
[2025-11-24 07:28:44] 
[77/100] Checking: 4620b0f750ed50bacf8aba33b3dd0f3608b250e02515cf3d203d224b81f52e1e
[2025-11-24 07:28:44]   checking VirusTotal for: 4620b0f750ed50bacf8aba33b3dd0f3608b250e02515cf3d203d224b81f52e1e
[2025-11-24 07:28:46] WebDriver Created Successfully
[2025-11-24 07:28:46]   URL: https://www.virustotal.com/gui/search/4620b0f750ed50bacf8aba33b3dd0f3608b250e02515cf3d203d224b81f52e1e
[2025-11-24 07:28:48]   waiting 10 seconds for page to load
[2025-11-24 07:28:59]   Found: 32/70 detections
[2025-11-24 07:28:59] DETECTED: 32/70
[2025-11-24 07:29:01] 
[78/100] Checking: 4cc78f8cc4d98752b46457526c516354dfeef3d3094b4bac48a5a53411ffbf29
[2025-11-24 07:29:01]   checking VirusTotal for: 4cc78f8cc4d98752b46457526c516354dfeef3d3094b4bac48a5a53411ffbf29
[2025-11-24 07:29:02] WebDriver Created Successfully
[2025-11-24 07:29:02]   URL: https://www.virustotal.com/gui/search/4cc78f8cc4d98752b46457526c516354dfeef3d3094b4bac48a5a53411ffbf29
[2025-11-24 07:29:05]   waiting 10 seconds for page to load
[2025-11-24 07:29:15]   Found: 54/67 detections
[2025-11-24 07:29:15] DETECTED: 54/67
[2025-11-24 07:29:17] 
[79/100] Checking: c3d8420f530a7f96e0fba9c5f64f2e3cd3fd83d06b056d9ad72f5ad2314491e3
[2025-11-24 07:29:17]   checking VirusTotal for: c3d8420f530a7f96e0fba9c5f64f2e3cd3fd83d06b056d9ad72f5ad2314491e3
[2025-11-24 07:29:19] WebDriver Created Successfully
[2025-11-24 07:29:19]   URL: https://www.virustotal.com/gui/search/c3d8420f530a7f96e0fba9c5f64f2e3cd3fd83d06b056d9ad72f5ad2314491e3
[2025-11-24 07:29:22]   waiting 10 seconds for page to load
[2025-11-24 07:29:32]   Found: 13/62 detections
[2025-11-24 07:29:32] DETECTED: 13/62
[2025-11-24 07:29:34] 
[80/100] Checking: c3e2c77b8c1442e1cbc084b8ee9abcf3f1f888f312b58970a1663012466aa1f8
[2025-11-24 07:29:34]   checking VirusTotal for: c3e2c77b8c1442e1cbc084b8ee9abcf3f1f888f312b58970a1663012466aa1f8
[2025-11-24 07:29:36] WebDriver Created Successfully
[2025-11-24 07:29:36]   URL: https://www.virustotal.com/gui/search/c3e2c77b8c1442e1cbc084b8ee9abcf3f1f888f312b58970a1663012466aa1f8
[2025-11-24 07:29:40]   waiting 10 seconds for page to load
[2025-11-24 07:29:50]   Found: 23/69 detections
[2025-11-24 07:29:50] DETECTED: 23/69
[2025-11-24 07:29:52] 
⏸ Completed Batch 8/10
[2025-11-24 07:29:52] ⏸ Waiting 5 Minutes Before Next Batch
[2025-11-24 07:29:52]   300 seconds remaining
[2025-11-24 07:30:52]   240 seconds remaining
[2025-11-24 07:31:52]   180 seconds remaining
[2025-11-24 07:32:53]   120 seconds remaining
[2025-11-24 07:33:53]   60 seconds remaining
[2025-11-24 07:34:53] 5 minutes elapsed, continuing

[2025-11-24 07:34:53] 
--- Batch 9/10 (10 hashes) ---
[2025-11-24 07:34:53] 
[81/100] Checking: add91da339861bc355eb8da69946744c386a7e66c1cba77ba9b7dc4c520e67df
[2025-11-24 07:34:53]   checking VirusTotal for: add91da339861bc355eb8da69946744c386a7e66c1cba77ba9b7dc4c520e67df
[2025-11-24 07:34:55] WebDriver Created Successfully
[2025-11-24 07:34:55]   URL: https://www.virustotal.com/gui/search/add91da339861bc355eb8da69946744c386a7e66c1cba77ba9b7dc4c520e67df
[2025-11-24 07:34:58]   waiting 10 seconds for page to load
[2025-11-24 07:35:08]   Found: 18/62 detections
[2025-11-24 07:35:08] DETECTED: 18/62
[2025-11-24 07:35:10] 
[82/100] Checking: 29589733de744d4a2d3afc7c7797a2d11633ba0d338d614a7917a757b03f2f86
[2025-11-24 07:35:10]   checking VirusTotal for: 29589733de744d4a2d3afc7c7797a2d11633ba0d338d614a7917a757b03f2f86
[2025-11-24 07:35:12] WebDriver Created Successfully
[2025-11-24 07:35:12]   URL: https://www.virustotal.com/gui/search/29589733de744d4a2d3afc7c7797a2d11633ba0d338d614a7917a757b03f2f86
[2025-11-24 07:35:15]   waiting 10 seconds for page to load
[2025-11-24 07:35:25]   Found: 66/71 detections
[2025-11-24 07:35:25] DETECTED: 66/71
[2025-11-24 07:35:27] 
[83/100] Checking: b03a064f1ff98daecdebf387464a06565549a057949a13e1fd23330514874d2e
[2025-11-24 07:35:27]   checking VirusTotal for: b03a064f1ff98daecdebf387464a06565549a057949a13e1fd23330514874d2e
[2025-11-24 07:35:29] WebDriver Created Successfully
[2025-11-24 07:35:29]   URL: https://www.virustotal.com/gui/search/b03a064f1ff98daecdebf387464a06565549a057949a13e1fd23330514874d2e
[2025-11-24 07:35:31]   waiting 10 seconds for page to load
[2025-11-24 07:35:41]   Found: 46/65 detections
[2025-11-24 07:35:41] DETECTED: 46/65
[2025-11-24 07:35:43] 
[84/100] Checking: 281eced5dcc571bf7752573b6083f64e359ff5fdf688c7b5417bda8ae4201c16
[2025-11-24 07:35:43]   checking VirusTotal for: 281eced5dcc571bf7752573b6083f64e359ff5fdf688c7b5417bda8ae4201c16
[2025-11-24 07:35:45] WebDriver Created Successfully
[2025-11-24 07:35:45]   URL: https://www.virustotal.com/gui/search/281eced5dcc571bf7752573b6083f64e359ff5fdf688c7b5417bda8ae4201c16
[2025-11-24 07:35:47]   waiting 10 seconds for page to load
[2025-11-24 07:35:58]   Found: 59/67 detections
[2025-11-24 07:35:58] DETECTED: 59/67
[2025-11-24 07:36:00] 
[85/100] Checking: 717543a503ecf9079ce4e3bcdf563c2347ceac307f1d438c6b21885b8df3c589
[2025-11-24 07:36:00]   checking VirusTotal for: 717543a503ecf9079ce4e3bcdf563c2347ceac307f1d438c6b21885b8df3c589
[2025-11-24 07:36:01] WebDriver Created Successfully
[2025-11-24 07:36:01]   URL: https://www.virustotal.com/gui/search/717543a503ecf9079ce4e3bcdf563c2347ceac307f1d438c6b21885b8df3c589
[2025-11-24 07:36:04]   waiting 10 seconds for page to load
[2025-11-24 07:36:14]   Found: 66/72 detections
[2025-11-24 07:36:14] DETECTED: 66/72
[2025-11-24 07:36:16] 
[86/100] Checking: 2bd87e9554f51fe80ebf48480ee003c7c3594fe3045256e413d896b86fad8591
[2025-11-24 07:36:16]   checking VirusTotal for: 2bd87e9554f51fe80ebf48480ee003c7c3594fe3045256e413d896b86fad8591
[2025-11-24 07:36:18] WebDriver Created Successfully
[2025-11-24 07:36:18]   URL: https://www.virustotal.com/gui/search/2bd87e9554f51fe80ebf48480ee003c7c3594fe3045256e413d896b86fad8591
[2025-11-24 07:36:21]   waiting 10 seconds for page to load
[2025-11-24 07:36:32]   Found: 36/63 detections
[2025-11-24 07:36:32] DETECTED: 36/63
[2025-11-24 07:36:34] 
[87/100] Checking: bd294988b105332f922819984c7a132acdd40d5bef0db066d072567ce40d7ecd
[2025-11-24 07:36:34]   checking VirusTotal for: bd294988b105332f922819984c7a132acdd40d5bef0db066d072567ce40d7ecd
[2025-11-24 07:36:35] WebDriver Created Successfully
[2025-11-24 07:36:35]   URL: https://www.virustotal.com/gui/search/bd294988b105332f922819984c7a132acdd40d5bef0db066d072567ce40d7ecd
[2025-11-24 07:36:38]   waiting 10 seconds for page to load
[2025-11-24 07:36:48]   Found: 35/63 detections
[2025-11-24 07:36:48] DETECTED: 35/63
[2025-11-24 07:36:50] 
[88/100] Checking: 63db2355a7bac3041f68665849fb61987d4f8084d1b7b25a0850bf458ce41f95
[2025-11-24 07:36:50]   checking VirusTotal for: 63db2355a7bac3041f68665849fb61987d4f8084d1b7b25a0850bf458ce41f95
[2025-11-24 07:36:52] WebDriver Created Successfully
[2025-11-24 07:36:52]   URL: https://www.virustotal.com/gui/search/63db2355a7bac3041f68665849fb61987d4f8084d1b7b25a0850bf458ce41f95
[2025-11-24 07:36:55]   waiting 10 seconds for page to load
[2025-11-24 07:37:05]   Found: 48/57 detections
[2025-11-24 07:37:05] DETECTED: 48/57
[2025-11-24 07:37:07] 
[89/100] Checking: 501d66b202d2f77e0eb74deb7f67db9335695b81e7836d946976fe2402a9e171
[2025-11-24 07:37:07]   checking VirusTotal for: 501d66b202d2f77e0eb74deb7f67db9335695b81e7836d946976fe2402a9e171
[2025-11-24 07:37:09] WebDriver Created Successfully
[2025-11-24 07:37:09]   URL: https://www.virustotal.com/gui/search/501d66b202d2f77e0eb74deb7f67db9335695b81e7836d946976fe2402a9e171
[2025-11-24 07:37:11]   waiting 10 seconds for page to load
[2025-11-24 07:37:22]   Found: 51/68 detections
[2025-11-24 07:37:22] DETECTED: 51/68
[2025-11-24 07:37:24] 
[90/100] Checking: bef894e294ef5c1f544b33898e30eea390db88bfd752bb30c651ab0c52bef1a7
[2025-11-24 07:37:24]   checking VirusTotal for: bef894e294ef5c1f544b33898e30eea390db88bfd752bb30c651ab0c52bef1a7
[2025-11-24 07:37:25] WebDriver Created Successfully
[2025-11-24 07:37:25]   URL: https://www.virustotal.com/gui/search/bef894e294ef5c1f544b33898e30eea390db88bfd752bb30c651ab0c52bef1a7
[2025-11-24 07:37:28]   waiting 10 seconds for page to load
[2025-11-24 07:37:38]   Found: 42/61 detections
[2025-11-24 07:37:38] DETECTED: 42/61
[2025-11-24 07:37:40] 
⏸ Completed Batch 9/10
[2025-11-24 07:37:40] ⏸ Waiting 5 Minutes Before Next Batch
[2025-11-24 07:37:40]   300 seconds remaining
[2025-11-24 07:38:40]   240 seconds remaining
[2025-11-24 07:39:40]   180 seconds remaining
[2025-11-24 07:40:41]   120 seconds remaining
[2025-11-24 07:41:41]   60 seconds remaining
[2025-11-24 07:42:41] 5 minutes elapsed, continuing

[2025-11-24 07:42:41] 
--- Batch 10/10 (10 hashes) ---
[2025-11-24 07:42:41] 
[91/100] Checking: 5ddd0a6baacebde213217a0331b0deeec1fcbfab4103491252ca83b8b5bfce0e
[2025-11-24 07:42:41]   checking VirusTotal for: 5ddd0a6baacebde213217a0331b0deeec1fcbfab4103491252ca83b8b5bfce0e
[2025-11-24 07:42:44] WebDriver Created Successfully
[2025-11-24 07:42:44]   URL: https://www.virustotal.com/gui/search/5ddd0a6baacebde213217a0331b0deeec1fcbfab4103491252ca83b8b5bfce0e
[2025-11-24 07:42:47]   waiting 10 seconds for page to load
[2025-11-24 07:42:57]   Found: 59/67 detections
[2025-11-24 07:42:57] DETECTED: 59/67
[2025-11-24 07:42:59] 
[92/100] Checking: ef9412d597882094b529334dc62998f68640ead5258df591adc7f9bd94457465
[2025-11-24 07:42:59]   checking VirusTotal for: ef9412d597882094b529334dc62998f68640ead5258df591adc7f9bd94457465
[2025-11-24 07:43:01] WebDriver Created Successfully
[2025-11-24 07:43:01]   URL: https://www.virustotal.com/gui/search/ef9412d597882094b529334dc62998f68640ead5258df591adc7f9bd94457465
[2025-11-24 07:43:04]   waiting 10 seconds for page to load
[2025-11-24 07:43:15]   Found: 44/59 detections
[2025-11-24 07:43:15] DETECTED: 44/59
[2025-11-24 07:43:17] 
[93/100] Checking: cfd0772020038847857d4feebdfb1758d0eeddc95884b7dcc113afeb3934ba5f
[2025-11-24 07:43:17]   checking VirusTotal for: cfd0772020038847857d4feebdfb1758d0eeddc95884b7dcc113afeb3934ba5f
[2025-11-24 07:43:18] WebDriver Created Successfully
[2025-11-24 07:43:18]   URL: https://www.virustotal.com/gui/search/cfd0772020038847857d4feebdfb1758d0eeddc95884b7dcc113afeb3934ba5f
[2025-11-24 07:43:21]   waiting 10 seconds for page to load
[2025-11-24 07:43:31]   Found: 58/70 detections
[2025-11-24 07:43:31] DETECTED: 58/70
[2025-11-24 07:43:33] 
[94/100] Checking: 09c4641feea6d8c09f8a9b7b13819172820ef08653758cc14bb2e7fafbf86cc3
[2025-11-24 07:43:33]   checking VirusTotal for: 09c4641feea6d8c09f8a9b7b13819172820ef08653758cc14bb2e7fafbf86cc3
[2025-11-24 07:43:35] WebDriver Created Successfully
[2025-11-24 07:43:35]   URL: https://www.virustotal.com/gui/search/09c4641feea6d8c09f8a9b7b13819172820ef08653758cc14bb2e7fafbf86cc3
[2025-11-24 07:43:38]   waiting 10 seconds for page to load
[2025-11-24 07:43:48]   Found: 1/59 detections
[2025-11-24 07:43:48] DETECTED: 1/59
[2025-11-24 07:43:50] 
[95/100] Checking: cd4377157eec9fd794514e4ba53d7e8632514b2d89407de9717af1d68710b3b6
[2025-11-24 07:43:50]   checking VirusTotal for: cd4377157eec9fd794514e4ba53d7e8632514b2d89407de9717af1d68710b3b6
[2025-11-24 07:43:52] WebDriver Created Successfully
[2025-11-24 07:43:52]   URL: https://www.virustotal.com/gui/search/cd4377157eec9fd794514e4ba53d7e8632514b2d89407de9717af1d68710b3b6
[2025-11-24 07:43:55]   waiting 10 seconds for page to load
[2025-11-24 07:44:05]   Found: 63/70 detections
[2025-11-24 07:44:05] DETECTED: 63/70
[2025-11-24 07:44:07] 
[96/100] Checking: 4beda23665a9c263ea8d7125c836a162d1d739bc5c910b793df6d6b3b3d2c3fb
[2025-11-24 07:44:07]   checking VirusTotal for: 4beda23665a9c263ea8d7125c836a162d1d739bc5c910b793df6d6b3b3d2c3fb
[2025-11-24 07:44:09] WebDriver Created Successfully
[2025-11-24 07:44:09]   URL: https://www.virustotal.com/gui/search/4beda23665a9c263ea8d7125c836a162d1d739bc5c910b793df6d6b3b3d2c3fb
[2025-11-24 07:44:12]   waiting 10 seconds for page to load
[2025-11-24 07:44:22]   Found: 53/67 detections
[2025-11-24 07:44:22] DETECTED: 53/67
[2025-11-24 07:44:24] 
[97/100] Checking: c098864e101fb7710c9200e6531124d1f47111989454be017205e0ac75e9887b
[2025-11-24 07:44:24]   checking VirusTotal for: c098864e101fb7710c9200e6531124d1f47111989454be017205e0ac75e9887b
[2025-11-24 07:44:26] WebDriver Created Successfully
[2025-11-24 07:44:26]   URL: https://www.virustotal.com/gui/search/c098864e101fb7710c9200e6531124d1f47111989454be017205e0ac75e9887b
[2025-11-24 07:44:29]   waiting 10 seconds for page to load
[2025-11-24 07:44:39]   Found: 62/65 detections
[2025-11-24 07:44:39] DETECTED: 62/65
[2025-11-24 07:44:41] 
[98/100] Checking: 9627415eafc3be2756d73b4440372fc99e99e25cd53c012ffccdc5d35ce0f70b
[2025-11-24 07:44:41]   checking VirusTotal for: 9627415eafc3be2756d73b4440372fc99e99e25cd53c012ffccdc5d35ce0f70b
[2025-11-24 07:44:43] WebDriver Created Successfully
[2025-11-24 07:44:43]   URL: https://www.virustotal.com/gui/search/9627415eafc3be2756d73b4440372fc99e99e25cd53c012ffccdc5d35ce0f70b
[2025-11-24 07:44:45]   waiting 10 seconds for page to load
[2025-11-24 07:44:55]   Found: 2/60 detections
[2025-11-24 07:44:56] DETECTED: 2/60
[2025-11-24 07:44:58] 
[99/100] Checking: c54c78b0605b256c90ead23916267a4935f796d2837cbe4549130a1f2096c976
[2025-11-24 07:44:58]   checking VirusTotal for: c54c78b0605b256c90ead23916267a4935f796d2837cbe4549130a1f2096c976
[2025-11-24 07:44:59] WebDriver Created Successfully
[2025-11-24 07:44:59]   URL: https://www.virustotal.com/gui/search/c54c78b0605b256c90ead23916267a4935f796d2837cbe4549130a1f2096c976
[2025-11-24 07:45:02]   waiting 10 seconds for page to load
[2025-11-24 07:45:12]   Found: 63/70 detections
[2025-11-24 07:45:12] DETECTED: 63/70
[2025-11-24 07:45:14] 
[100/100] Checking: 6d1afc710c0c76a1710688f2710295019f2ea1c50841db89b9f04394a6b4f6c5
[2025-11-24 07:45:14]   checking VirusTotal for: 6d1afc710c0c76a1710688f2710295019f2ea1c50841db89b9f04394a6b4f6c5
[2025-11-24 07:45:16] WebDriver Created Successfully
[2025-11-24 07:45:16]   URL: https://www.virustotal.com/gui/search/6d1afc710c0c76a1710688f2710295019f2ea1c50841db89b9f04394a6b4f6c5
[2025-11-24 07:45:18]   waiting 10 seconds for page to load
[2025-11-24 07:45:29]   Found: 49/54 detections
[2025-11-24 07:45:29] DETECTED: 49/54
[2025-11-24 07:45:31] 
Total Detected: 89
[2025-11-24 07:45:31] Total Not Detected: 10

[2025-11-24 07:45:31] ================================================================================
[2025-11-24 07:45:31] STEP 7: Waiting 10 Minutes Before Behavior Extraction
[2025-11-24 07:45:31] ================================================================================
[2025-11-24 07:45:31] 10 minutes elapsed

[2025-11-24 07:45:31] ================================================================================
[2025-11-24 07:45:31] STEP 8: Extracting Behavior Data (Batches of 10)
[2025-11-24 07:45:31] ================================================================================
[2025-11-24 07:45:31] 
--- Behavior Batch 1/9 (10 hashes) ---
[2025-11-24 07:45:31] 
[1/89] Extracting: 0e5a5d59042821b0897acdbffe06906e9bd4e338201627f74aae2102a2dc6aa5
[2025-11-24 07:45:31]   Scraping Behavior Data for: 0e5a5d59042821b0897acdbffe06906e9bd4e338201627f74aae2102a2dc6aa5
[2025-11-24 07:45:31]   Fetching Behavior Data for: 0e5a5d59042821b0897acdbffe06906e9bd4e338201627f74aae2102a2dc6aa5
[2025-11-24 07:45:32] WebDriver Created Successfully
[2025-11-24 07:45:32]   URL: https://www.virustotal.com/gui/file/0e5a5d59042821b0897acdbffe06906e9bd4e338201627f74aae2102a2dc6aa5/behavior
[2025-11-24 07:45:40]   Fetched Successfully
[2025-11-24 07:45:41]   Vendor Detections for 0e5a5d59042821b0897acdbffe06906e9bd4e338201627f74aae2102a2dc6aa5: 64/70
[2025-11-24 07:45:41] Successfully Saved: 0e5a5d59042821b0897acdbffe06906e9bd4e338201627f74aae2102a2dc6aa5
[2025-11-24 07:45:44] 
[2/89] Extracting: 42023c6d7cca789be7411fafa8c1962a5eb1f0a77bee5ddeb301b9dafe2a062f
[2025-11-24 07:45:44]   Scraping Behavior Data for: 42023c6d7cca789be7411fafa8c1962a5eb1f0a77bee5ddeb301b9dafe2a062f
[2025-11-24 07:45:44]   Fetching Behavior Data for: 42023c6d7cca789be7411fafa8c1962a5eb1f0a77bee5ddeb301b9dafe2a062f
[2025-11-24 07:45:45] WebDriver Created Successfully
[2025-11-24 07:45:45]   URL: https://www.virustotal.com/gui/file/42023c6d7cca789be7411fafa8c1962a5eb1f0a77bee5ddeb301b9dafe2a062f/behavior
[2025-11-24 07:45:53]   Fetched Successfully
[2025-11-24 07:45:54]   Vendor Detections for 42023c6d7cca789be7411fafa8c1962a5eb1f0a77bee5ddeb301b9dafe2a062f: 60/70
[2025-11-24 07:45:54] Successfully Saved: 42023c6d7cca789be7411fafa8c1962a5eb1f0a77bee5ddeb301b9dafe2a062f
[2025-11-24 07:45:57] 
[3/89] Extracting: d56a07c317462768ba130133fa87c5a29b5254ae8467455d3e6c33a1de0460fd
[2025-11-24 07:45:57]   Scraping Behavior Data for: d56a07c317462768ba130133fa87c5a29b5254ae8467455d3e6c33a1de0460fd
[2025-11-24 07:45:57]   Fetching Behavior Data for: d56a07c317462768ba130133fa87c5a29b5254ae8467455d3e6c33a1de0460fd
[2025-11-24 07:45:58] WebDriver Created Successfully
[2025-11-24 07:45:58]   URL: https://www.virustotal.com/gui/file/d56a07c317462768ba130133fa87c5a29b5254ae8467455d3e6c33a1de0460fd/behavior
[2025-11-24 07:46:07]   Fetched Successfully
[2025-11-24 07:46:07]   Vendor Detections for d56a07c317462768ba130133fa87c5a29b5254ae8467455d3e6c33a1de0460fd: 65/70
[2025-11-24 07:46:07] Successfully Saved: d56a07c317462768ba130133fa87c5a29b5254ae8467455d3e6c33a1de0460fd
[2025-11-24 07:46:10] 
[4/89] Extracting: 8705d24eb411c82b1b450d0c4d158728a9f6bd3beb37f2f5fca2bf5347c6b361
[2025-11-24 07:46:10]   Scraping Behavior Data for: 8705d24eb411c82b1b450d0c4d158728a9f6bd3beb37f2f5fca2bf5347c6b361
[2025-11-24 07:46:10]   Fetching Behavior Data for: 8705d24eb411c82b1b450d0c4d158728a9f6bd3beb37f2f5fca2bf5347c6b361
[2025-11-24 07:46:12] WebDriver Created Successfully
[2025-11-24 07:46:12]   URL: https://www.virustotal.com/gui/file/8705d24eb411c82b1b450d0c4d158728a9f6bd3beb37f2f5fca2bf5347c6b361/behavior
[2025-11-24 07:46:21]   Fetched Successfully
[2025-11-24 07:46:21]   Vendor Detections for 8705d24eb411c82b1b450d0c4d158728a9f6bd3beb37f2f5fca2bf5347c6b361: 65/70
[2025-11-24 07:46:21] Successfully Saved: 8705d24eb411c82b1b450d0c4d158728a9f6bd3beb37f2f5fca2bf5347c6b361
[2025-11-24 07:46:24] 
[5/89] Extracting: 4ecaa18a5b022c8a5117c58255403f0895c4dc50420fad611813b42e089349f8
[2025-11-24 07:46:24]   Scraping Behavior Data for: 4ecaa18a5b022c8a5117c58255403f0895c4dc50420fad611813b42e089349f8
[2025-11-24 07:46:24]   Fetching Behavior Data for: 4ecaa18a5b022c8a5117c58255403f0895c4dc50420fad611813b42e089349f8
[2025-11-24 07:46:26] WebDriver Created Successfully
[2025-11-24 07:46:26]   URL: https://www.virustotal.com/gui/file/4ecaa18a5b022c8a5117c58255403f0895c4dc50420fad611813b42e089349f8/behavior
[2025-11-24 07:46:34]   Fetched Successfully
[2025-11-24 07:46:34]   Vendor Detections for 4ecaa18a5b022c8a5117c58255403f0895c4dc50420fad611813b42e089349f8: 31/63
[2025-11-24 07:46:34] Successfully Saved: 4ecaa18a5b022c8a5117c58255403f0895c4dc50420fad611813b42e089349f8
[2025-11-24 07:46:37] 
[6/89] Extracting: b91a880aeff2ecf0dc24b560926305771657603949eeddab7022b6a642f23325
[2025-11-24 07:46:37]   Scraping Behavior Data for: b91a880aeff2ecf0dc24b560926305771657603949eeddab7022b6a642f23325
[2025-11-24 07:46:37]   Fetching Behavior Data for: b91a880aeff2ecf0dc24b560926305771657603949eeddab7022b6a642f23325
[2025-11-24 07:46:39] WebDriver Created Successfully
[2025-11-24 07:46:39]   URL: https://www.virustotal.com/gui/file/b91a880aeff2ecf0dc24b560926305771657603949eeddab7022b6a642f23325/behavior
[2025-11-24 07:46:47]   Fetched Successfully
[2025-11-24 07:46:47]   Vendor Detections for b91a880aeff2ecf0dc24b560926305771657603949eeddab7022b6a642f23325: 62/67
[2025-11-24 07:46:47] Successfully Saved: b91a880aeff2ecf0dc24b560926305771657603949eeddab7022b6a642f23325
[2025-11-24 07:46:50] 
[7/89] Extracting: 44b73c9f140721ccfe16d10774f1047c74055e3e8efe3f6330623ca82718ee4e
[2025-11-24 07:46:50]   Scraping Behavior Data for: 44b73c9f140721ccfe16d10774f1047c74055e3e8efe3f6330623ca82718ee4e
[2025-11-24 07:46:50]   Fetching Behavior Data for: 44b73c9f140721ccfe16d10774f1047c74055e3e8efe3f6330623ca82718ee4e
[2025-11-24 07:46:52] WebDriver Created Successfully
[2025-11-24 07:46:52]   URL: https://www.virustotal.com/gui/file/44b73c9f140721ccfe16d10774f1047c74055e3e8efe3f6330623ca82718ee4e/behavior
[2025-11-24 07:47:00]   Fetched Successfully
[2025-11-24 07:47:00]   Vendor Detections for 44b73c9f140721ccfe16d10774f1047c74055e3e8efe3f6330623ca82718ee4e: 65/72
[2025-11-24 07:47:00] Successfully Saved: 44b73c9f140721ccfe16d10774f1047c74055e3e8efe3f6330623ca82718ee4e
[2025-11-24 07:47:03] 
[8/89] Extracting: 4426227e0cebfcb6071c2645d0b076c4cdf9e3dde7edb9f18a1028a58eca047b
[2025-11-24 07:47:03]   Scraping Behavior Data for: 4426227e0cebfcb6071c2645d0b076c4cdf9e3dde7edb9f18a1028a58eca047b
[2025-11-24 07:47:03]   Fetching Behavior Data for: 4426227e0cebfcb6071c2645d0b076c4cdf9e3dde7edb9f18a1028a58eca047b
[2025-11-24 07:47:05] WebDriver Created Successfully
[2025-11-24 07:47:05]   URL: https://www.virustotal.com/gui/file/4426227e0cebfcb6071c2645d0b076c4cdf9e3dde7edb9f18a1028a58eca047b/behavior
[2025-11-24 07:47:12]   Fetched Successfully
[2025-11-24 07:47:13]   Vendor Detections for 4426227e0cebfcb6071c2645d0b076c4cdf9e3dde7edb9f18a1028a58eca047b: 19/62
[2025-11-24 07:47:13] Successfully Saved: 4426227e0cebfcb6071c2645d0b076c4cdf9e3dde7edb9f18a1028a58eca047b
[2025-11-24 07:47:16] 
[9/89] Extracting: 1d2acfd7f8566cfac5d87bbd85193cb63c47f40589061cbb8cb245c9a1c94e52
[2025-11-24 07:47:16]   Scraping Behavior Data for: 1d2acfd7f8566cfac5d87bbd85193cb63c47f40589061cbb8cb245c9a1c94e52
[2025-11-24 07:47:16]   Fetching Behavior Data for: 1d2acfd7f8566cfac5d87bbd85193cb63c47f40589061cbb8cb245c9a1c94e52
[2025-11-24 07:47:17] WebDriver Created Successfully
[2025-11-24 07:47:17]   URL: https://www.virustotal.com/gui/file/1d2acfd7f8566cfac5d87bbd85193cb63c47f40589061cbb8cb245c9a1c94e52/behavior
[2025-11-24 07:47:26]   Fetched Successfully
[2025-11-24 07:47:26]   Vendor Detections for 1d2acfd7f8566cfac5d87bbd85193cb63c47f40589061cbb8cb245c9a1c94e52: 65/72
[2025-11-24 07:47:26] Successfully Saved: 1d2acfd7f8566cfac5d87bbd85193cb63c47f40589061cbb8cb245c9a1c94e52
[2025-11-24 07:47:29] 
[10/89] Extracting: bb76e9ccc65c0ad6714b3841e387667094d23ff6a3f8406c9b7165fa69495372
[2025-11-24 07:47:29]   Scraping Behavior Data for: bb76e9ccc65c0ad6714b3841e387667094d23ff6a3f8406c9b7165fa69495372
[2025-11-24 07:47:29]   Fetching Behavior Data for: bb76e9ccc65c0ad6714b3841e387667094d23ff6a3f8406c9b7165fa69495372
[2025-11-24 07:47:31] WebDriver Created Successfully
[2025-11-24 07:47:31]   URL: https://www.virustotal.com/gui/file/bb76e9ccc65c0ad6714b3841e387667094d23ff6a3f8406c9b7165fa69495372/behavior
[2025-11-24 07:47:39]   Fetched Successfully
[2025-11-24 07:47:39]   Vendor Detections for bb76e9ccc65c0ad6714b3841e387667094d23ff6a3f8406c9b7165fa69495372: 60/70
[2025-11-24 07:47:39] Successfully Saved: bb76e9ccc65c0ad6714b3841e387667094d23ff6a3f8406c9b7165fa69495372
[2025-11-24 07:47:42] 
⏸ Completed Behavior Batch 1/9
[2025-11-24 07:47:42] ⏸ Waiting 5 Minutes Before Next Batch
[2025-11-24 07:47:42]   300 seconds remaining
[2025-11-24 07:48:42]   240 seconds remaining
[2025-11-24 07:49:42]   180 seconds remaining
[2025-11-24 07:50:42]   120 seconds remaining
[2025-11-24 07:51:43]   60 seconds remaining
[2025-11-24 07:52:43] 5 minutes elapsed, continuing

[2025-11-24 07:52:43] 
--- Behavior Batch 2/9 (10 hashes) ---
[2025-11-24 07:52:43] 
[11/89] Extracting: 7496c6976b0e8438ea6f69e103f1af1e6d501a7fe26380914cbfc4010d6cf5b5
[2025-11-24 07:52:43]   Scraping Behavior Data for: 7496c6976b0e8438ea6f69e103f1af1e6d501a7fe26380914cbfc4010d6cf5b5
[2025-11-24 07:52:43]   Fetching Behavior Data for: 7496c6976b0e8438ea6f69e103f1af1e6d501a7fe26380914cbfc4010d6cf5b5
[2025-11-24 07:52:45] WebDriver Created Successfully
[2025-11-24 07:52:45]   URL: https://www.virustotal.com/gui/file/7496c6976b0e8438ea6f69e103f1af1e6d501a7fe26380914cbfc4010d6cf5b5/behavior
[2025-11-24 07:52:52]   Fetched Successfully
[2025-11-24 07:52:53]   Vendor Detections for 7496c6976b0e8438ea6f69e103f1af1e6d501a7fe26380914cbfc4010d6cf5b5: 24/62
[2025-11-24 07:52:53] Successfully Saved: 7496c6976b0e8438ea6f69e103f1af1e6d501a7fe26380914cbfc4010d6cf5b5
[2025-11-24 07:52:56] 
[12/89] Extracting: 9fdc2364c83d1fcc712888f76b67131d84f1a702c28071e101bf7638f86c902d
[2025-11-24 07:52:56]   Scraping Behavior Data for: 9fdc2364c83d1fcc712888f76b67131d84f1a702c28071e101bf7638f86c902d
[2025-11-24 07:52:56]   Fetching Behavior Data for: 9fdc2364c83d1fcc712888f76b67131d84f1a702c28071e101bf7638f86c902d
[2025-11-24 07:52:57] WebDriver Created Successfully
[2025-11-24 07:52:57]   URL: https://www.virustotal.com/gui/file/9fdc2364c83d1fcc712888f76b67131d84f1a702c28071e101bf7638f86c902d/behavior
[2025-11-24 07:53:05]   Fetched Successfully
[2025-11-24 07:53:05]   Vendor Detections for 9fdc2364c83d1fcc712888f76b67131d84f1a702c28071e101bf7638f86c902d: 64/70
[2025-11-24 07:53:05] Successfully Saved: 9fdc2364c83d1fcc712888f76b67131d84f1a702c28071e101bf7638f86c902d
[2025-11-24 07:53:08] 
[13/89] Extracting: e0aa628757ed96d02e2ed4ce43131f0ef390839d5deee079cd0b140ceb78de8c
[2025-11-24 07:53:08]   Scraping Behavior Data for: e0aa628757ed96d02e2ed4ce43131f0ef390839d5deee079cd0b140ceb78de8c
[2025-11-24 07:53:08]   Fetching Behavior Data for: e0aa628757ed96d02e2ed4ce43131f0ef390839d5deee079cd0b140ceb78de8c
[2025-11-24 07:53:10] WebDriver Created Successfully
[2025-11-24 07:53:10]   URL: https://www.virustotal.com/gui/file/e0aa628757ed96d02e2ed4ce43131f0ef390839d5deee079cd0b140ceb78de8c/behavior
[2025-11-24 07:53:18]   Fetched Successfully
[2025-11-24 07:53:18]   Vendor Detections for e0aa628757ed96d02e2ed4ce43131f0ef390839d5deee079cd0b140ceb78de8c: 59/64
[2025-11-24 07:53:18] Successfully Saved: e0aa628757ed96d02e2ed4ce43131f0ef390839d5deee079cd0b140ceb78de8c
[2025-11-24 07:53:21] 
[14/89] Extracting: d40ea48e9633411e97b6e1435cacdc1dbc51d9eb68f9e0be05f9737d4d60bea9
[2025-11-24 07:53:21]   Scraping Behavior Data for: d40ea48e9633411e97b6e1435cacdc1dbc51d9eb68f9e0be05f9737d4d60bea9
[2025-11-24 07:53:21]   Fetching Behavior Data for: d40ea48e9633411e97b6e1435cacdc1dbc51d9eb68f9e0be05f9737d4d60bea9
[2025-11-24 07:53:23] WebDriver Created Successfully
[2025-11-24 07:53:23]   URL: https://www.virustotal.com/gui/file/d40ea48e9633411e97b6e1435cacdc1dbc51d9eb68f9e0be05f9737d4d60bea9/behavior
[2025-11-24 07:53:31]   Fetched Successfully
[2025-11-24 07:53:31]   Vendor Detections for d40ea48e9633411e97b6e1435cacdc1dbc51d9eb68f9e0be05f9737d4d60bea9: 10/62
[2025-11-24 07:53:31] Failed to Extract: d40ea48e9633411e97b6e1435cacdc1dbc51d9eb68f9e0be05f9737d4d60bea9
[2025-11-24 07:53:34] 
[15/89] Extracting: 98175bd7d6c9b3390a5f7e971b2b63d22c568f525f0be62b38ff3a96fc4edd9c
[2025-11-24 07:53:34]   Scraping Behavior Data for: 98175bd7d6c9b3390a5f7e971b2b63d22c568f525f0be62b38ff3a96fc4edd9c
[2025-11-24 07:53:34]   Fetching Behavior Data for: 98175bd7d6c9b3390a5f7e971b2b63d22c568f525f0be62b38ff3a96fc4edd9c
[2025-11-24 07:53:35] WebDriver Created Successfully
[2025-11-24 07:53:35]   URL: https://www.virustotal.com/gui/file/98175bd7d6c9b3390a5f7e971b2b63d22c568f525f0be62b38ff3a96fc4edd9c/behavior
[2025-11-24 07:53:43]   Fetched Successfully
[2025-11-24 07:53:44]   Vendor Detections for 98175bd7d6c9b3390a5f7e971b2b63d22c568f525f0be62b38ff3a96fc4edd9c: 59/72
[2025-11-24 07:53:44] Failed to Extract: 98175bd7d6c9b3390a5f7e971b2b63d22c568f525f0be62b38ff3a96fc4edd9c
[2025-11-24 07:53:47] 
[16/89] Extracting: 36501ff706eae486b28125c1a165f3227bb22104b0f7ed832120cad36ea8caa1
[2025-11-24 07:53:47]   Scraping Behavior Data for: 36501ff706eae486b28125c1a165f3227bb22104b0f7ed832120cad36ea8caa1
[2025-11-24 07:53:47]   Fetching Behavior Data for: 36501ff706eae486b28125c1a165f3227bb22104b0f7ed832120cad36ea8caa1
[2025-11-24 07:53:48] WebDriver Created Successfully
[2025-11-24 07:53:48]   URL: https://www.virustotal.com/gui/file/36501ff706eae486b28125c1a165f3227bb22104b0f7ed832120cad36ea8caa1/behavior
[2025-11-24 07:53:57]   Fetched Successfully
[2025-11-24 07:53:58]   Vendor Detections for 36501ff706eae486b28125c1a165f3227bb22104b0f7ed832120cad36ea8caa1: 62/67
[2025-11-24 07:53:58] Successfully Saved: 36501ff706eae486b28125c1a165f3227bb22104b0f7ed832120cad36ea8caa1
[2025-11-24 07:54:01] 
[17/89] Extracting: ea317213b6e60347a0ff04e9971d52f23b6326e5ff10e011347e12e24f937c2c
[2025-11-24 07:54:01]   Scraping Behavior Data for: ea317213b6e60347a0ff04e9971d52f23b6326e5ff10e011347e12e24f937c2c
[2025-11-24 07:54:01]   Fetching Behavior Data for: ea317213b6e60347a0ff04e9971d52f23b6326e5ff10e011347e12e24f937c2c
[2025-11-24 07:54:03] WebDriver Created Successfully
[2025-11-24 07:54:03]   URL: https://www.virustotal.com/gui/file/ea317213b6e60347a0ff04e9971d52f23b6326e5ff10e011347e12e24f937c2c/behavior
[2025-11-24 07:54:11]   Fetched Successfully
[2025-11-24 07:54:11]   Vendor Detections for ea317213b6e60347a0ff04e9971d52f23b6326e5ff10e011347e12e24f937c2c: 57/64
[2025-11-24 07:54:11] Failed to Extract: ea317213b6e60347a0ff04e9971d52f23b6326e5ff10e011347e12e24f937c2c
[2025-11-24 07:54:14] 
[18/89] Extracting: 2ef62badb31a555ea89d953850b28c6ac0c3839eb11a0d48f6bfd9e4cc09a8fb
[2025-11-24 07:54:14]   Scraping Behavior Data for: 2ef62badb31a555ea89d953850b28c6ac0c3839eb11a0d48f6bfd9e4cc09a8fb
[2025-11-24 07:54:14]   Fetching Behavior Data for: 2ef62badb31a555ea89d953850b28c6ac0c3839eb11a0d48f6bfd9e4cc09a8fb
[2025-11-24 07:54:16] WebDriver Created Successfully
[2025-11-24 07:54:16]   URL: https://www.virustotal.com/gui/file/2ef62badb31a555ea89d953850b28c6ac0c3839eb11a0d48f6bfd9e4cc09a8fb/behavior
[2025-11-24 07:54:24]   Fetched Successfully
[2025-11-24 07:54:25]   Vendor Detections for 2ef62badb31a555ea89d953850b28c6ac0c3839eb11a0d48f6bfd9e4cc09a8fb: 57/63
[2025-11-24 07:54:25] Successfully Saved: 2ef62badb31a555ea89d953850b28c6ac0c3839eb11a0d48f6bfd9e4cc09a8fb
[2025-11-24 07:54:28] 
[19/89] Extracting: 129379444c68a3663418e1aecad718886d70947f8aa1dd4da840206c64c512a2
[2025-11-24 07:54:28]   Scraping Behavior Data for: 129379444c68a3663418e1aecad718886d70947f8aa1dd4da840206c64c512a2
[2025-11-24 07:54:28]   Fetching Behavior Data for: 129379444c68a3663418e1aecad718886d70947f8aa1dd4da840206c64c512a2
[2025-11-24 07:54:30] WebDriver Created Successfully
[2025-11-24 07:54:30]   URL: https://www.virustotal.com/gui/file/129379444c68a3663418e1aecad718886d70947f8aa1dd4da840206c64c512a2/behavior
[2025-11-24 07:54:38]   Fetched Successfully
[2025-11-24 07:54:38]   Vendor Detections for 129379444c68a3663418e1aecad718886d70947f8aa1dd4da840206c64c512a2: 62/69
[2025-11-24 07:54:38] Successfully Saved: 129379444c68a3663418e1aecad718886d70947f8aa1dd4da840206c64c512a2
[2025-11-24 07:54:41] 
[20/89] Extracting: 7150604ca597e365180304533968736b8db92d031a80a82c1fc567252ebb8c57
[2025-11-24 07:54:41]   Scraping Behavior Data for: 7150604ca597e365180304533968736b8db92d031a80a82c1fc567252ebb8c57
[2025-11-24 07:54:41]   Fetching Behavior Data for: 7150604ca597e365180304533968736b8db92d031a80a82c1fc567252ebb8c57
[2025-11-24 07:54:43] WebDriver Created Successfully
[2025-11-24 07:54:43]   URL: https://www.virustotal.com/gui/file/7150604ca597e365180304533968736b8db92d031a80a82c1fc567252ebb8c57/behavior
[2025-11-24 07:54:52]   Fetched Successfully
[2025-11-24 07:54:52]   Vendor Detections for 7150604ca597e365180304533968736b8db92d031a80a82c1fc567252ebb8c57: 4/63
[2025-11-24 07:54:52] Successfully Saved: 7150604ca597e365180304533968736b8db92d031a80a82c1fc567252ebb8c57
[2025-11-24 07:54:55] 
⏸ Completed Behavior Batch 2/9
[2025-11-24 07:54:55] ⏸ Waiting 5 Minutes Before Next Batch
[2025-11-24 07:54:55]   300 seconds remaining
[2025-11-24 07:55:55]   240 seconds remaining
[2025-11-24 07:56:55]   180 seconds remaining
[2025-11-24 07:57:56]   120 seconds remaining
[2025-11-24 07:58:56]   60 seconds remaining
[2025-11-24 07:59:56] 5 minutes elapsed, continuing

[2025-11-24 07:59:56] 
--- Behavior Batch 3/9 (10 hashes) ---
[2025-11-24 07:59:56] 
[21/89] Extracting: 3156a9c4a5b3ec2b074d21be003eac19dcd8c1e15a7ed9592e219d36a971ca8f
[2025-11-24 07:59:56]   Scraping Behavior Data for: 3156a9c4a5b3ec2b074d21be003eac19dcd8c1e15a7ed9592e219d36a971ca8f
[2025-11-24 07:59:56]   Fetching Behavior Data for: 3156a9c4a5b3ec2b074d21be003eac19dcd8c1e15a7ed9592e219d36a971ca8f
[2025-11-24 07:59:59] WebDriver Created Successfully
[2025-11-24 07:59:59]   URL: https://www.virustotal.com/gui/file/3156a9c4a5b3ec2b074d21be003eac19dcd8c1e15a7ed9592e219d36a971ca8f/behavior
[2025-11-24 08:00:06]   Fetched Successfully
[2025-11-24 08:00:07]   Vendor Detections for 3156a9c4a5b3ec2b074d21be003eac19dcd8c1e15a7ed9592e219d36a971ca8f: 46/63
[2025-11-24 08:00:07] Successfully Saved: 3156a9c4a5b3ec2b074d21be003eac19dcd8c1e15a7ed9592e219d36a971ca8f
[2025-11-24 08:00:10] 
[22/89] Extracting: 1a6664719dbf77c2c0b1ebdc467d8558584f9373b0c8825024463ff9e58fd75f
[2025-11-24 08:00:10]   Scraping Behavior Data for: 1a6664719dbf77c2c0b1ebdc467d8558584f9373b0c8825024463ff9e58fd75f
[2025-11-24 08:00:10]   Fetching Behavior Data for: 1a6664719dbf77c2c0b1ebdc467d8558584f9373b0c8825024463ff9e58fd75f
[2025-11-24 08:00:12] WebDriver Created Successfully
[2025-11-24 08:00:12]   URL: https://www.virustotal.com/gui/file/1a6664719dbf77c2c0b1ebdc467d8558584f9373b0c8825024463ff9e58fd75f/behavior
[2025-11-24 08:00:20]   Fetched Successfully
[2025-11-24 08:00:20]   Vendor Detections for 1a6664719dbf77c2c0b1ebdc467d8558584f9373b0c8825024463ff9e58fd75f: 64/69
[2025-11-24 08:00:20] Successfully Saved: 1a6664719dbf77c2c0b1ebdc467d8558584f9373b0c8825024463ff9e58fd75f
[2025-11-24 08:00:23] 
[23/89] Extracting: 714405eebd85f28d9b8592ba8482f88bc18f78902d8eceda9471935d55d420b8
[2025-11-24 08:00:23]   Scraping Behavior Data for: 714405eebd85f28d9b8592ba8482f88bc18f78902d8eceda9471935d55d420b8
[2025-11-24 08:00:23]   Fetching Behavior Data for: 714405eebd85f28d9b8592ba8482f88bc18f78902d8eceda9471935d55d420b8
[2025-11-24 08:00:25] WebDriver Created Successfully
[2025-11-24 08:00:25]   URL: https://www.virustotal.com/gui/file/714405eebd85f28d9b8592ba8482f88bc18f78902d8eceda9471935d55d420b8/behavior
[2025-11-24 08:00:33]   Fetched Successfully
[2025-11-24 08:00:33]   Vendor Detections for 714405eebd85f28d9b8592ba8482f88bc18f78902d8eceda9471935d55d420b8: 61/72
[2025-11-24 08:00:33] Successfully Saved: 714405eebd85f28d9b8592ba8482f88bc18f78902d8eceda9471935d55d420b8
[2025-11-24 08:00:36] 
[24/89] Extracting: 3a794e3197c5e3d3fb294f9b6d44af49f1ae517f9bab4464a6d823ac46277ae1
[2025-11-24 08:00:36]   Scraping Behavior Data for: 3a794e3197c5e3d3fb294f9b6d44af49f1ae517f9bab4464a6d823ac46277ae1
[2025-11-24 08:00:36]   Fetching Behavior Data for: 3a794e3197c5e3d3fb294f9b6d44af49f1ae517f9bab4464a6d823ac46277ae1
[2025-11-24 08:00:38] WebDriver Created Successfully
[2025-11-24 08:00:38]   URL: https://www.virustotal.com/gui/file/3a794e3197c5e3d3fb294f9b6d44af49f1ae517f9bab4464a6d823ac46277ae1/behavior
[2025-11-24 08:00:46]   Fetched Successfully
[2025-11-24 08:00:46]   Vendor Detections for 3a794e3197c5e3d3fb294f9b6d44af49f1ae517f9bab4464a6d823ac46277ae1: 39/63
[2025-11-24 08:00:46] Successfully Saved: 3a794e3197c5e3d3fb294f9b6d44af49f1ae517f9bab4464a6d823ac46277ae1
[2025-11-24 08:00:49] 
[25/89] Extracting: 5ec5e1e7a90dd14c7f212e3e032fe6a3cf12d584f790493de038f33c3d5fb34c
[2025-11-24 08:00:49]   Scraping Behavior Data for: 5ec5e1e7a90dd14c7f212e3e032fe6a3cf12d584f790493de038f33c3d5fb34c
[2025-11-24 08:00:49]   Fetching Behavior Data for: 5ec5e1e7a90dd14c7f212e3e032fe6a3cf12d584f790493de038f33c3d5fb34c
[2025-11-24 08:00:51] WebDriver Created Successfully
[2025-11-24 08:00:51]   URL: https://www.virustotal.com/gui/file/5ec5e1e7a90dd14c7f212e3e032fe6a3cf12d584f790493de038f33c3d5fb34c/behavior
[2025-11-24 08:00:58]   Fetched Successfully
[2025-11-24 08:00:59]   Vendor Detections for 5ec5e1e7a90dd14c7f212e3e032fe6a3cf12d584f790493de038f33c3d5fb34c: 34/62
[2025-11-24 08:00:59] Failed to Extract: 5ec5e1e7a90dd14c7f212e3e032fe6a3cf12d584f790493de038f33c3d5fb34c
[2025-11-24 08:01:02] 
[26/89] Extracting: c6e629c8375df83184401dd941ca2d490e78a1a338a9d0acdd43665b333cebfe
[2025-11-24 08:01:02]   Scraping Behavior Data for: c6e629c8375df83184401dd941ca2d490e78a1a338a9d0acdd43665b333cebfe
[2025-11-24 08:01:02]   Fetching Behavior Data for: c6e629c8375df83184401dd941ca2d490e78a1a338a9d0acdd43665b333cebfe
[2025-11-24 08:01:03] WebDriver Created Successfully
[2025-11-24 08:01:03]   URL: https://www.virustotal.com/gui/file/c6e629c8375df83184401dd941ca2d490e78a1a338a9d0acdd43665b333cebfe/behavior
[2025-11-24 08:01:12]   Fetched Successfully
[2025-11-24 08:01:12]   Vendor Detections for c6e629c8375df83184401dd941ca2d490e78a1a338a9d0acdd43665b333cebfe: 7/60
[2025-11-24 08:01:12] Successfully Saved: c6e629c8375df83184401dd941ca2d490e78a1a338a9d0acdd43665b333cebfe
[2025-11-24 08:01:15] 
[27/89] Extracting: c795c63e16fd180a30d904386dc4b9c3b210d699444a0aa78f4b795e96286fb0
[2025-11-24 08:01:15]   Scraping Behavior Data for: c795c63e16fd180a30d904386dc4b9c3b210d699444a0aa78f4b795e96286fb0
[2025-11-24 08:01:15]   Fetching Behavior Data for: c795c63e16fd180a30d904386dc4b9c3b210d699444a0aa78f4b795e96286fb0
[2025-11-24 08:01:17] WebDriver Created Successfully
[2025-11-24 08:01:17]   URL: https://www.virustotal.com/gui/file/c795c63e16fd180a30d904386dc4b9c3b210d699444a0aa78f4b795e96286fb0/behavior
[2025-11-24 08:01:25]   Fetched Successfully
[2025-11-24 08:01:25]   Vendor Detections for c795c63e16fd180a30d904386dc4b9c3b210d699444a0aa78f4b795e96286fb0: 67/70
[2025-11-24 08:01:25] Successfully Saved: c795c63e16fd180a30d904386dc4b9c3b210d699444a0aa78f4b795e96286fb0
[2025-11-24 08:01:28] 
[28/89] Extracting: e6545e5b6f110603100deece53f46db2b057d6463757e86df5f626c1cf5f7e77
[2025-11-24 08:01:28]   Scraping Behavior Data for: e6545e5b6f110603100deece53f46db2b057d6463757e86df5f626c1cf5f7e77
[2025-11-24 08:01:28]   Fetching Behavior Data for: e6545e5b6f110603100deece53f46db2b057d6463757e86df5f626c1cf5f7e77
[2025-11-24 08:01:30] WebDriver Created Successfully
[2025-11-24 08:01:30]   URL: https://www.virustotal.com/gui/file/e6545e5b6f110603100deece53f46db2b057d6463757e86df5f626c1cf5f7e77/behavior
[2025-11-24 08:01:39]   Fetched Successfully
[2025-11-24 08:01:39]   Vendor Detections for e6545e5b6f110603100deece53f46db2b057d6463757e86df5f626c1cf5f7e77: 59/70
[2025-11-24 08:01:39] Successfully Saved: e6545e5b6f110603100deece53f46db2b057d6463757e86df5f626c1cf5f7e77
[2025-11-24 08:01:42] 
[29/89] Extracting: 6d372c11da48d3567fee1cf8929a89fbbb3b7ed4886fe7ee6a80e3f63f5980b7
[2025-11-24 08:01:42]   Scraping Behavior Data for: 6d372c11da48d3567fee1cf8929a89fbbb3b7ed4886fe7ee6a80e3f63f5980b7
[2025-11-24 08:01:42]   Fetching Behavior Data for: 6d372c11da48d3567fee1cf8929a89fbbb3b7ed4886fe7ee6a80e3f63f5980b7
[2025-11-24 08:01:44] WebDriver Created Successfully
[2025-11-24 08:01:44]   URL: https://www.virustotal.com/gui/file/6d372c11da48d3567fee1cf8929a89fbbb3b7ed4886fe7ee6a80e3f63f5980b7/behavior
[2025-11-24 08:01:52]   Fetched Successfully
[2025-11-24 08:01:52]   Vendor Detections for 6d372c11da48d3567fee1cf8929a89fbbb3b7ed4886fe7ee6a80e3f63f5980b7: 66/72
[2025-11-24 08:01:52] Successfully Saved: 6d372c11da48d3567fee1cf8929a89fbbb3b7ed4886fe7ee6a80e3f63f5980b7
[2025-11-24 08:01:55] 
[30/89] Extracting: e4f1163ae08e51ea8206a3a88c24e7db04b18b6208ed3aef68caf0fdd0e23cd0
[2025-11-24 08:01:55]   Scraping Behavior Data for: e4f1163ae08e51ea8206a3a88c24e7db04b18b6208ed3aef68caf0fdd0e23cd0
[2025-11-24 08:01:55]   Fetching Behavior Data for: e4f1163ae08e51ea8206a3a88c24e7db04b18b6208ed3aef68caf0fdd0e23cd0
[2025-11-24 08:01:57] WebDriver Created Successfully
[2025-11-24 08:01:57]   URL: https://www.virustotal.com/gui/file/e4f1163ae08e51ea8206a3a88c24e7db04b18b6208ed3aef68caf0fdd0e23cd0/behavior
[2025-11-24 08:02:05]   Fetched Successfully
[2025-11-24 08:02:05]   Vendor Detections for e4f1163ae08e51ea8206a3a88c24e7db04b18b6208ed3aef68caf0fdd0e23cd0: 42/65
[2025-11-24 08:02:05] Successfully Saved: e4f1163ae08e51ea8206a3a88c24e7db04b18b6208ed3aef68caf0fdd0e23cd0
[2025-11-24 08:02:08] 
⏸ Completed Behavior Batch 3/9
[2025-11-24 08:02:08] ⏸ Waiting 5 Minutes Before Next Batch
[2025-11-24 08:02:08]   300 seconds remaining
[2025-11-24 08:03:09]   240 seconds remaining
[2025-11-24 08:04:09]   180 seconds remaining
[2025-11-24 08:05:09]   120 seconds remaining
[2025-11-24 08:06:09]   60 seconds remaining
[2025-11-24 08:07:09] 5 minutes elapsed, continuing

[2025-11-24 08:07:09] 
--- Behavior Batch 4/9 (10 hashes) ---
[2025-11-24 08:07:09] 
[31/89] Extracting: 9d4555ec557c9b887522dde10db51e686601b5063a763a48b1ba1f620a94f180
[2025-11-24 08:07:09]   Scraping Behavior Data for: 9d4555ec557c9b887522dde10db51e686601b5063a763a48b1ba1f620a94f180
[2025-11-24 08:07:09]   Fetching Behavior Data for: 9d4555ec557c9b887522dde10db51e686601b5063a763a48b1ba1f620a94f180
[2025-11-24 08:07:12] WebDriver Created Successfully
[2025-11-24 08:07:12]   URL: https://www.virustotal.com/gui/file/9d4555ec557c9b887522dde10db51e686601b5063a763a48b1ba1f620a94f180/behavior
[2025-11-24 08:07:20]   Fetched Successfully
[2025-11-24 08:07:21]   Could not find vendor detection ratio, skipping!
[2025-11-24 08:07:21] Failed to Extract: 9d4555ec557c9b887522dde10db51e686601b5063a763a48b1ba1f620a94f180
[2025-11-24 08:07:24] 
[32/89] Extracting: a1b14673caab6263f864ea5cfdbee227f5b10b65f138cd157bc71765d0973ef3
[2025-11-24 08:07:24]   Scraping Behavior Data for: a1b14673caab6263f864ea5cfdbee227f5b10b65f138cd157bc71765d0973ef3
[2025-11-24 08:07:24]   Fetching Behavior Data for: a1b14673caab6263f864ea5cfdbee227f5b10b65f138cd157bc71765d0973ef3
[2025-11-24 08:07:25] WebDriver Created Successfully
[2025-11-24 08:07:25]   URL: https://www.virustotal.com/gui/file/a1b14673caab6263f864ea5cfdbee227f5b10b65f138cd157bc71765d0973ef3/behavior
[2025-11-24 08:07:34]   Fetched Successfully
[2025-11-24 08:07:34]   Could not find vendor detection ratio, skipping!
[2025-11-24 08:07:34] Failed to Extract: a1b14673caab6263f864ea5cfdbee227f5b10b65f138cd157bc71765d0973ef3
[2025-11-24 08:07:37] 
[33/89] Extracting: 1ff3b686268fb31afae4ff1347cf8a6246b2ff01dd6f51b2fd2b450437e7dbd1
[2025-11-24 08:07:37]   Scraping Behavior Data for: 1ff3b686268fb31afae4ff1347cf8a6246b2ff01dd6f51b2fd2b450437e7dbd1
[2025-11-24 08:07:37]   Fetching Behavior Data for: 1ff3b686268fb31afae4ff1347cf8a6246b2ff01dd6f51b2fd2b450437e7dbd1
[2025-11-24 08:07:39] WebDriver Created Successfully
[2025-11-24 08:07:39]   URL: https://www.virustotal.com/gui/file/1ff3b686268fb31afae4ff1347cf8a6246b2ff01dd6f51b2fd2b450437e7dbd1/behavior
[2025-11-24 08:07:47]   Fetched Successfully
[2025-11-24 08:07:47]   Could not find vendor detection ratio, skipping!
[2025-11-24 08:07:47] Failed to Extract: 1ff3b686268fb31afae4ff1347cf8a6246b2ff01dd6f51b2fd2b450437e7dbd1
[2025-11-24 08:07:50] 
[34/89] Extracting: ceec1b998b875ecd3775d6a17eaba7291dd5eefa98abb481b23dfbf92b59d8f2
[2025-11-24 08:07:50]   Scraping Behavior Data for: ceec1b998b875ecd3775d6a17eaba7291dd5eefa98abb481b23dfbf92b59d8f2
[2025-11-24 08:07:50]   Fetching Behavior Data for: ceec1b998b875ecd3775d6a17eaba7291dd5eefa98abb481b23dfbf92b59d8f2
[2025-11-24 08:07:52] WebDriver Created Successfully
[2025-11-24 08:07:52]   URL: https://www.virustotal.com/gui/file/ceec1b998b875ecd3775d6a17eaba7291dd5eefa98abb481b23dfbf92b59d8f2/behavior
[2025-11-24 08:08:00]   Fetched Successfully
[2025-11-24 08:08:01]   Vendor Detections for ceec1b998b875ecd3775d6a17eaba7291dd5eefa98abb481b23dfbf92b59d8f2: 2/63
[2025-11-24 08:08:01] Successfully Saved: ceec1b998b875ecd3775d6a17eaba7291dd5eefa98abb481b23dfbf92b59d8f2
[2025-11-24 08:08:04] 
[35/89] Extracting: 596d2c81d2c59e581560d575f8f6b91d654667d09cd86376267577f7fda9b420
[2025-11-24 08:08:04]   Scraping Behavior Data for: 596d2c81d2c59e581560d575f8f6b91d654667d09cd86376267577f7fda9b420
[2025-11-24 08:08:04]   Fetching Behavior Data for: 596d2c81d2c59e581560d575f8f6b91d654667d09cd86376267577f7fda9b420
[2025-11-24 08:08:06] WebDriver Created Successfully
[2025-11-24 08:08:06]   URL: https://www.virustotal.com/gui/file/596d2c81d2c59e581560d575f8f6b91d654667d09cd86376267577f7fda9b420/behavior
[2025-11-24 08:08:14]   Fetched Successfully
[2025-11-24 08:08:14]   Vendor Detections for 596d2c81d2c59e581560d575f8f6b91d654667d09cd86376267577f7fda9b420: 59/67
[2025-11-24 08:08:14] Successfully Saved: 596d2c81d2c59e581560d575f8f6b91d654667d09cd86376267577f7fda9b420
[2025-11-24 08:08:17] 
[36/89] Extracting: bfce566ab2ba8cc96221aa2e3397479eba8d4844755d26cad402229c77817e3c
[2025-11-24 08:08:17]   Scraping Behavior Data for: bfce566ab2ba8cc96221aa2e3397479eba8d4844755d26cad402229c77817e3c
[2025-11-24 08:08:17]   Fetching Behavior Data for: bfce566ab2ba8cc96221aa2e3397479eba8d4844755d26cad402229c77817e3c
[2025-11-24 08:08:19] WebDriver Created Successfully
[2025-11-24 08:08:19]   URL: https://www.virustotal.com/gui/file/bfce566ab2ba8cc96221aa2e3397479eba8d4844755d26cad402229c77817e3c/behavior
[2025-11-24 08:08:27]   Fetched Successfully
[2025-11-24 08:08:28]   Vendor Detections for bfce566ab2ba8cc96221aa2e3397479eba8d4844755d26cad402229c77817e3c: 54/70
[2025-11-24 08:08:28] Successfully Saved: bfce566ab2ba8cc96221aa2e3397479eba8d4844755d26cad402229c77817e3c
[2025-11-24 08:08:31] 
[37/89] Extracting: ce8bb22be29d0043943e2a2a0516d6138aae58dafcd9ad76236a4510e693d9f0
[2025-11-24 08:08:31]   Scraping Behavior Data for: ce8bb22be29d0043943e2a2a0516d6138aae58dafcd9ad76236a4510e693d9f0
[2025-11-24 08:08:31]   Fetching Behavior Data for: ce8bb22be29d0043943e2a2a0516d6138aae58dafcd9ad76236a4510e693d9f0
[2025-11-24 08:08:33] WebDriver Created Successfully
[2025-11-24 08:08:33]   URL: https://www.virustotal.com/gui/file/ce8bb22be29d0043943e2a2a0516d6138aae58dafcd9ad76236a4510e693d9f0/behavior
[2025-11-24 08:08:41]   Fetched Successfully
[2025-11-24 08:08:41]   Vendor Detections for ce8bb22be29d0043943e2a2a0516d6138aae58dafcd9ad76236a4510e693d9f0: 30/70
[2025-11-24 08:08:41] Successfully Saved: ce8bb22be29d0043943e2a2a0516d6138aae58dafcd9ad76236a4510e693d9f0
[2025-11-24 08:08:44] 
[38/89] Extracting: 1906c8121bd71381056ba5f18c3a88de5af82caecaf7a83bbf937d06cfff868d
[2025-11-24 08:08:44]   Scraping Behavior Data for: 1906c8121bd71381056ba5f18c3a88de5af82caecaf7a83bbf937d06cfff868d
[2025-11-24 08:08:44]   Fetching Behavior Data for: 1906c8121bd71381056ba5f18c3a88de5af82caecaf7a83bbf937d06cfff868d
[2025-11-24 08:08:46] WebDriver Created Successfully
[2025-11-24 08:08:46]   URL: https://www.virustotal.com/gui/file/1906c8121bd71381056ba5f18c3a88de5af82caecaf7a83bbf937d06cfff868d/behavior
[2025-11-24 08:08:55]   Fetched Successfully
[2025-11-24 08:08:55]   Vendor Detections for 1906c8121bd71381056ba5f18c3a88de5af82caecaf7a83bbf937d06cfff868d: 66/70
[2025-11-24 08:08:55] Successfully Saved: 1906c8121bd71381056ba5f18c3a88de5af82caecaf7a83bbf937d06cfff868d
[2025-11-24 08:08:58] 
[39/89] Extracting: 9c05d6efa2b0c5620ec9ca173a33b6e860c6e1c413bc1cb4396f5f2c840e3eff
[2025-11-24 08:08:58]   Scraping Behavior Data for: 9c05d6efa2b0c5620ec9ca173a33b6e860c6e1c413bc1cb4396f5f2c840e3eff
[2025-11-24 08:08:58]   Fetching Behavior Data for: 9c05d6efa2b0c5620ec9ca173a33b6e860c6e1c413bc1cb4396f5f2c840e3eff
[2025-11-24 08:09:00] WebDriver Created Successfully
[2025-11-24 08:09:00]   URL: https://www.virustotal.com/gui/file/9c05d6efa2b0c5620ec9ca173a33b6e860c6e1c413bc1cb4396f5f2c840e3eff/behavior
[2025-11-24 08:09:09]   Fetched Successfully
[2025-11-24 08:09:09]   Vendor Detections for 9c05d6efa2b0c5620ec9ca173a33b6e860c6e1c413bc1cb4396f5f2c840e3eff: 56/70
[2025-11-24 08:09:09] Successfully Saved: 9c05d6efa2b0c5620ec9ca173a33b6e860c6e1c413bc1cb4396f5f2c840e3eff
[2025-11-24 08:09:12] 
[40/89] Extracting: 7543f6f084a4cdbdeab2b91e646be81069af43557384dbc8f42038ed0bf00dff
[2025-11-24 08:09:12]   Scraping Behavior Data for: 7543f6f084a4cdbdeab2b91e646be81069af43557384dbc8f42038ed0bf00dff
[2025-11-24 08:09:12]   Fetching Behavior Data for: 7543f6f084a4cdbdeab2b91e646be81069af43557384dbc8f42038ed0bf00dff
[2025-11-24 08:09:14] WebDriver Created Successfully
[2025-11-24 08:09:14]   URL: https://www.virustotal.com/gui/file/7543f6f084a4cdbdeab2b91e646be81069af43557384dbc8f42038ed0bf00dff/behavior
[2025-11-24 08:09:22]   Fetched Successfully
[2025-11-24 08:09:23]   Vendor Detections for 7543f6f084a4cdbdeab2b91e646be81069af43557384dbc8f42038ed0bf00dff: 63/68
[2025-11-24 08:09:23] Successfully Saved: 7543f6f084a4cdbdeab2b91e646be81069af43557384dbc8f42038ed0bf00dff
[2025-11-24 08:09:26] 
⏸ Completed Behavior Batch 4/9
[2025-11-24 08:09:26] ⏸ Waiting 5 Minutes Before Next Batch
[2025-11-24 08:09:26]   300 seconds remaining
[2025-11-24 08:10:26]   240 seconds remaining
[2025-11-24 08:11:26]   180 seconds remaining
[2025-11-24 08:12:26]   120 seconds remaining
[2025-11-24 08:13:26]   60 seconds remaining
[2025-11-24 08:14:26] 5 minutes elapsed, continuing

[2025-11-24 08:14:26] 
--- Behavior Batch 5/9 (10 hashes) ---
[2025-11-24 08:14:26] 
[41/89] Extracting: fa8112599efe186712a6883ce5ac028f6d7d8e5d7301b92f5ec42ac1801c939d
[2025-11-24 08:14:26]   Scraping Behavior Data for: fa8112599efe186712a6883ce5ac028f6d7d8e5d7301b92f5ec42ac1801c939d
[2025-11-24 08:14:26]   Fetching Behavior Data for: fa8112599efe186712a6883ce5ac028f6d7d8e5d7301b92f5ec42ac1801c939d
[2025-11-24 08:14:29] WebDriver Created Successfully
[2025-11-24 08:14:29]   URL: https://www.virustotal.com/gui/file/fa8112599efe186712a6883ce5ac028f6d7d8e5d7301b92f5ec42ac1801c939d/behavior
[2025-11-24 08:14:38]   Fetched Successfully
[2025-11-24 08:14:38]   Vendor Detections for fa8112599efe186712a6883ce5ac028f6d7d8e5d7301b92f5ec42ac1801c939d: 17/61
[2025-11-24 08:14:38] Successfully Saved: fa8112599efe186712a6883ce5ac028f6d7d8e5d7301b92f5ec42ac1801c939d
[2025-11-24 08:14:41] 
[42/89] Extracting: bf279efd14dd25bcd0b9292c677df631b7d9520029e15f2d2b8cba49177fc3ef
[2025-11-24 08:14:41]   Scraping Behavior Data for: bf279efd14dd25bcd0b9292c677df631b7d9520029e15f2d2b8cba49177fc3ef
[2025-11-24 08:14:41]   Fetching Behavior Data for: bf279efd14dd25bcd0b9292c677df631b7d9520029e15f2d2b8cba49177fc3ef
[2025-11-24 08:14:43] WebDriver Created Successfully
[2025-11-24 08:14:43]   URL: https://www.virustotal.com/gui/file/bf279efd14dd25bcd0b9292c677df631b7d9520029e15f2d2b8cba49177fc3ef/behavior
[2025-11-24 08:14:52]   Fetched Successfully
[2025-11-24 08:14:52]   Vendor Detections for bf279efd14dd25bcd0b9292c677df631b7d9520029e15f2d2b8cba49177fc3ef: 64/67
[2025-11-24 08:14:52] Successfully Saved: bf279efd14dd25bcd0b9292c677df631b7d9520029e15f2d2b8cba49177fc3ef
[2025-11-24 08:14:55] 
[43/89] Extracting: ef1baf100ca217e6cd4763e11fd43b3a69629ea09fae37bfee6155d368e61460
[2025-11-24 08:14:55]   Scraping Behavior Data for: ef1baf100ca217e6cd4763e11fd43b3a69629ea09fae37bfee6155d368e61460
[2025-11-24 08:14:55]   Fetching Behavior Data for: ef1baf100ca217e6cd4763e11fd43b3a69629ea09fae37bfee6155d368e61460
[2025-11-24 08:14:57] WebDriver Created Successfully
[2025-11-24 08:14:57]   URL: https://www.virustotal.com/gui/file/ef1baf100ca217e6cd4763e11fd43b3a69629ea09fae37bfee6155d368e61460/behavior
[2025-11-24 08:15:06]   Fetched Successfully
[2025-11-24 08:15:07]   Vendor Detections for ef1baf100ca217e6cd4763e11fd43b3a69629ea09fae37bfee6155d368e61460: 66/72
[2025-11-24 08:15:07] Successfully Saved: ef1baf100ca217e6cd4763e11fd43b3a69629ea09fae37bfee6155d368e61460
[2025-11-24 08:15:10] 
[44/89] Extracting: 88da6e4acf5dfce19e5fc4c35d55369c07bc6ed3cc12f9dd8f0f2e8b08be4a90
[2025-11-24 08:15:10]   Scraping Behavior Data for: 88da6e4acf5dfce19e5fc4c35d55369c07bc6ed3cc12f9dd8f0f2e8b08be4a90
[2025-11-24 08:15:10]   Fetching Behavior Data for: 88da6e4acf5dfce19e5fc4c35d55369c07bc6ed3cc12f9dd8f0f2e8b08be4a90
[2025-11-24 08:15:12] WebDriver Created Successfully
[2025-11-24 08:15:12]   URL: https://www.virustotal.com/gui/file/88da6e4acf5dfce19e5fc4c35d55369c07bc6ed3cc12f9dd8f0f2e8b08be4a90/behavior
[2025-11-24 08:15:20]   Fetched Successfully
[2025-11-24 08:15:21]   Vendor Detections for 88da6e4acf5dfce19e5fc4c35d55369c07bc6ed3cc12f9dd8f0f2e8b08be4a90: 38/63
[2025-11-24 08:15:21] Failed to Extract: 88da6e4acf5dfce19e5fc4c35d55369c07bc6ed3cc12f9dd8f0f2e8b08be4a90
[2025-11-24 08:15:24] 
[45/89] Extracting: 4a3cb19457bef557ede860ec1b92aad9e82b48764e783bfbc5fc88a2918b36dd
[2025-11-24 08:15:24]   Scraping Behavior Data for: 4a3cb19457bef557ede860ec1b92aad9e82b48764e783bfbc5fc88a2918b36dd
[2025-11-24 08:15:24]   Fetching Behavior Data for: 4a3cb19457bef557ede860ec1b92aad9e82b48764e783bfbc5fc88a2918b36dd
[2025-11-24 08:15:25] WebDriver Created Successfully
[2025-11-24 08:15:25]   URL: https://www.virustotal.com/gui/file/4a3cb19457bef557ede860ec1b92aad9e82b48764e783bfbc5fc88a2918b36dd/behavior
[2025-11-24 08:15:34]   Fetched Successfully
[2025-11-24 08:15:34]   Vendor Detections for 4a3cb19457bef557ede860ec1b92aad9e82b48764e783bfbc5fc88a2918b36dd: 38/58
[2025-11-24 08:15:34] Successfully Saved: 4a3cb19457bef557ede860ec1b92aad9e82b48764e783bfbc5fc88a2918b36dd
[2025-11-24 08:15:37] 
[46/89] Extracting: 41c40cad40ad7a1ee722bc61a8abfd1cb316b6b0d6a8b0969db1458701322e64
[2025-11-24 08:15:37]   Scraping Behavior Data for: 41c40cad40ad7a1ee722bc61a8abfd1cb316b6b0d6a8b0969db1458701322e64
[2025-11-24 08:15:37]   Fetching Behavior Data for: 41c40cad40ad7a1ee722bc61a8abfd1cb316b6b0d6a8b0969db1458701322e64
[2025-11-24 08:15:39] WebDriver Created Successfully
[2025-11-24 08:15:39]   URL: https://www.virustotal.com/gui/file/41c40cad40ad7a1ee722bc61a8abfd1cb316b6b0d6a8b0969db1458701322e64/behavior
[2025-11-24 08:15:48]   Fetched Successfully
[2025-11-24 08:15:48]   Vendor Detections for 41c40cad40ad7a1ee722bc61a8abfd1cb316b6b0d6a8b0969db1458701322e64: 57/65
[2025-11-24 08:15:48] Successfully Saved: 41c40cad40ad7a1ee722bc61a8abfd1cb316b6b0d6a8b0969db1458701322e64
[2025-11-24 08:15:51] 
[47/89] Extracting: 89c0ba46177b8a0f92360767472cc7867b8a00a060caac72bb5d80cd28d03346
[2025-11-24 08:15:51]   Scraping Behavior Data for: 89c0ba46177b8a0f92360767472cc7867b8a00a060caac72bb5d80cd28d03346
[2025-11-24 08:15:51]   Fetching Behavior Data for: 89c0ba46177b8a0f92360767472cc7867b8a00a060caac72bb5d80cd28d03346
[2025-11-24 08:15:53] WebDriver Created Successfully
[2025-11-24 08:15:53]   URL: https://www.virustotal.com/gui/file/89c0ba46177b8a0f92360767472cc7867b8a00a060caac72bb5d80cd28d03346/behavior
[2025-11-24 08:16:02]   Fetched Successfully
[2025-11-24 08:16:02]   Vendor Detections for 89c0ba46177b8a0f92360767472cc7867b8a00a060caac72bb5d80cd28d03346: 38/54
[2025-11-24 08:16:02] Successfully Saved: 89c0ba46177b8a0f92360767472cc7867b8a00a060caac72bb5d80cd28d03346
[2025-11-24 08:16:05] 
[48/89] Extracting: d511afe83b4c9ec42ae4571e426a1f7975b18306415372e05d2f285566612aa2
[2025-11-24 08:16:05]   Scraping Behavior Data for: d511afe83b4c9ec42ae4571e426a1f7975b18306415372e05d2f285566612aa2
[2025-11-24 08:16:05]   Fetching Behavior Data for: d511afe83b4c9ec42ae4571e426a1f7975b18306415372e05d2f285566612aa2
[2025-11-24 08:16:07] WebDriver Created Successfully
[2025-11-24 08:16:07]   URL: https://www.virustotal.com/gui/file/d511afe83b4c9ec42ae4571e426a1f7975b18306415372e05d2f285566612aa2/behavior
[2025-11-24 08:16:16]   Fetched Successfully
[2025-11-24 08:16:16]   Vendor Detections for d511afe83b4c9ec42ae4571e426a1f7975b18306415372e05d2f285566612aa2: 30/70
[2025-11-24 08:16:16] Successfully Saved: d511afe83b4c9ec42ae4571e426a1f7975b18306415372e05d2f285566612aa2
[2025-11-24 08:16:19] 
[49/89] Extracting: a410eaa6a7c732cf09c00b141f779f8cb368ca357e652caf7380155dadcf0e45
[2025-11-24 08:16:19]   Scraping Behavior Data for: a410eaa6a7c732cf09c00b141f779f8cb368ca357e652caf7380155dadcf0e45
[2025-11-24 08:16:19]   Fetching Behavior Data for: a410eaa6a7c732cf09c00b141f779f8cb368ca357e652caf7380155dadcf0e45
[2025-11-24 08:16:22] WebDriver Created Successfully
[2025-11-24 08:16:22]   URL: https://www.virustotal.com/gui/file/a410eaa6a7c732cf09c00b141f779f8cb368ca357e652caf7380155dadcf0e45/behavior
[2025-11-24 08:16:30]   Fetched Successfully
[2025-11-24 08:16:31]   Vendor Detections for a410eaa6a7c732cf09c00b141f779f8cb368ca357e652caf7380155dadcf0e45: 52/68
[2025-11-24 08:16:31] Successfully Saved: a410eaa6a7c732cf09c00b141f779f8cb368ca357e652caf7380155dadcf0e45
[2025-11-24 08:16:34] 
[50/89] Extracting: 7981a49164b986125277c2148e5e7c595dada33adce84cfb4e89ea5b757cb5da
[2025-11-24 08:16:34]   Scraping Behavior Data for: 7981a49164b986125277c2148e5e7c595dada33adce84cfb4e89ea5b757cb5da
[2025-11-24 08:16:34]   Fetching Behavior Data for: 7981a49164b986125277c2148e5e7c595dada33adce84cfb4e89ea5b757cb5da
[2025-11-24 08:16:36] WebDriver Created Successfully
[2025-11-24 08:16:36]   URL: https://www.virustotal.com/gui/file/7981a49164b986125277c2148e5e7c595dada33adce84cfb4e89ea5b757cb5da/behavior
[2025-11-24 08:16:43]   Fetched Successfully
[2025-11-24 08:16:43]   Vendor Detections for 7981a49164b986125277c2148e5e7c595dada33adce84cfb4e89ea5b757cb5da: 9/62
[2025-11-24 08:16:43] Successfully Saved: 7981a49164b986125277c2148e5e7c595dada33adce84cfb4e89ea5b757cb5da
[2025-11-24 08:16:46] 
⏸ Completed Behavior Batch 5/9
[2025-11-24 08:16:46] ⏸ Waiting 5 Minutes Before Next Batch
[2025-11-24 08:16:46]   300 seconds remaining
[2025-11-24 08:17:47]   240 seconds remaining
[2025-11-24 08:18:47]   180 seconds remaining
[2025-11-24 08:19:47]   120 seconds remaining
[2025-11-24 08:20:47]   60 seconds remaining
[2025-11-24 08:21:47] 5 minutes elapsed, continuing

[2025-11-24 08:21:47] 
--- Behavior Batch 6/9 (10 hashes) ---
[2025-11-24 08:21:47] 
[51/89] Extracting: 98dadffdf98ed9e6825c341badd79d7125f3ac1b20bb24451565cc828b06c116
[2025-11-24 08:21:47]   Scraping Behavior Data for: 98dadffdf98ed9e6825c341badd79d7125f3ac1b20bb24451565cc828b06c116
[2025-11-24 08:21:47]   Fetching Behavior Data for: 98dadffdf98ed9e6825c341badd79d7125f3ac1b20bb24451565cc828b06c116
[2025-11-24 08:21:50] WebDriver Created Successfully
[2025-11-24 08:21:50]   URL: https://www.virustotal.com/gui/file/98dadffdf98ed9e6825c341badd79d7125f3ac1b20bb24451565cc828b06c116/behavior
[2025-11-24 08:21:58]   Fetched Successfully
[2025-11-24 08:21:58]   Vendor Detections for 98dadffdf98ed9e6825c341badd79d7125f3ac1b20bb24451565cc828b06c116: 60/67
[2025-11-24 08:21:58] Successfully Saved: 98dadffdf98ed9e6825c341badd79d7125f3ac1b20bb24451565cc828b06c116
[2025-11-24 08:22:01] 
[52/89] Extracting: 4c9931f7d18931032a709727652b9781a1565ef91e35e041d1dfa2e4ae15d2e1
[2025-11-24 08:22:01]   Scraping Behavior Data for: 4c9931f7d18931032a709727652b9781a1565ef91e35e041d1dfa2e4ae15d2e1
[2025-11-24 08:22:01]   Fetching Behavior Data for: 4c9931f7d18931032a709727652b9781a1565ef91e35e041d1dfa2e4ae15d2e1
[2025-11-24 08:22:03] WebDriver Created Successfully
[2025-11-24 08:22:03]   URL: https://www.virustotal.com/gui/file/4c9931f7d18931032a709727652b9781a1565ef91e35e041d1dfa2e4ae15d2e1/behavior
[2025-11-24 08:22:11]   Fetched Successfully
[2025-11-24 08:22:11]   Vendor Detections for 4c9931f7d18931032a709727652b9781a1565ef91e35e041d1dfa2e4ae15d2e1: 65/70
[2025-11-24 08:22:11] Successfully Saved: 4c9931f7d18931032a709727652b9781a1565ef91e35e041d1dfa2e4ae15d2e1
[2025-11-24 08:22:14] 
[53/89] Extracting: 33edc4fef74be1f724188e0ce6769abe70e24a8e9b0a6dff5b137a58259bba46
[2025-11-24 08:22:14]   Scraping Behavior Data for: 33edc4fef74be1f724188e0ce6769abe70e24a8e9b0a6dff5b137a58259bba46
[2025-11-24 08:22:14]   Fetching Behavior Data for: 33edc4fef74be1f724188e0ce6769abe70e24a8e9b0a6dff5b137a58259bba46
[2025-11-24 08:22:16] WebDriver Created Successfully
[2025-11-24 08:22:16]   URL: https://www.virustotal.com/gui/file/33edc4fef74be1f724188e0ce6769abe70e24a8e9b0a6dff5b137a58259bba46/behavior
[2025-11-24 08:22:24]   Fetched Successfully
[2025-11-24 08:22:24]   Vendor Detections for 33edc4fef74be1f724188e0ce6769abe70e24a8e9b0a6dff5b137a58259bba46: 67/70
[2025-11-24 08:22:24] Successfully Saved: 33edc4fef74be1f724188e0ce6769abe70e24a8e9b0a6dff5b137a58259bba46
[2025-11-24 08:22:27] 
[54/89] Extracting: bd3f1730ddab14b7738bcf408872053d788dc727cfee126730f7ffc13040e3d6
[2025-11-24 08:22:27]   Scraping Behavior Data for: bd3f1730ddab14b7738bcf408872053d788dc727cfee126730f7ffc13040e3d6
[2025-11-24 08:22:27]   Fetching Behavior Data for: bd3f1730ddab14b7738bcf408872053d788dc727cfee126730f7ffc13040e3d6
[2025-11-24 08:22:29] WebDriver Created Successfully
[2025-11-24 08:22:29]   URL: https://www.virustotal.com/gui/file/bd3f1730ddab14b7738bcf408872053d788dc727cfee126730f7ffc13040e3d6/behavior
[2025-11-24 08:22:37]   Fetched Successfully
[2025-11-24 08:22:37]   Vendor Detections for bd3f1730ddab14b7738bcf408872053d788dc727cfee126730f7ffc13040e3d6: 36/63
[2025-11-24 08:22:37] Successfully Saved: bd3f1730ddab14b7738bcf408872053d788dc727cfee126730f7ffc13040e3d6
[2025-11-24 08:22:40] 
[55/89] Extracting: 93f6f2fa328b29f2f49674372bf1d064519b2d4fbbc627357a83c4a574581a2f
[2025-11-24 08:22:40]   Scraping Behavior Data for: 93f6f2fa328b29f2f49674372bf1d064519b2d4fbbc627357a83c4a574581a2f
[2025-11-24 08:22:40]   Fetching Behavior Data for: 93f6f2fa328b29f2f49674372bf1d064519b2d4fbbc627357a83c4a574581a2f
[2025-11-24 08:22:42] WebDriver Created Successfully
[2025-11-24 08:22:42]   URL: https://www.virustotal.com/gui/file/93f6f2fa328b29f2f49674372bf1d064519b2d4fbbc627357a83c4a574581a2f/behavior
[2025-11-24 08:22:50]   Fetched Successfully
[2025-11-24 08:22:50]   Could not find vendor detection ratio, skipping!
[2025-11-24 08:22:50] Failed to Extract: 93f6f2fa328b29f2f49674372bf1d064519b2d4fbbc627357a83c4a574581a2f
[2025-11-24 08:22:53] 
[56/89] Extracting: 2072d44596690890bf4e9d297296f81409f82346b8e2e91c55d628cb35c54d4a
[2025-11-24 08:22:53]   Scraping Behavior Data for: 2072d44596690890bf4e9d297296f81409f82346b8e2e91c55d628cb35c54d4a
[2025-11-24 08:22:53]   Fetching Behavior Data for: 2072d44596690890bf4e9d297296f81409f82346b8e2e91c55d628cb35c54d4a
[2025-11-24 08:22:55] WebDriver Created Successfully
[2025-11-24 08:22:55]   URL: https://www.virustotal.com/gui/file/2072d44596690890bf4e9d297296f81409f82346b8e2e91c55d628cb35c54d4a/behavior
[2025-11-24 08:23:03]   Fetched Successfully
[2025-11-24 08:23:04]   Could not find vendor detection ratio, skipping!
[2025-11-24 08:23:04] Failed to Extract: 2072d44596690890bf4e9d297296f81409f82346b8e2e91c55d628cb35c54d4a
[2025-11-24 08:23:07] 
[57/89] Extracting: 106c3f815b13ae45c63a023f6d09cb39c33df03768ec3557778406133b675cfe
[2025-11-24 08:23:07]   Scraping Behavior Data for: 106c3f815b13ae45c63a023f6d09cb39c33df03768ec3557778406133b675cfe
[2025-11-24 08:23:07]   Fetching Behavior Data for: 106c3f815b13ae45c63a023f6d09cb39c33df03768ec3557778406133b675cfe
[2025-11-24 08:23:09] WebDriver Created Successfully
[2025-11-24 08:23:09]   URL: https://www.virustotal.com/gui/file/106c3f815b13ae45c63a023f6d09cb39c33df03768ec3557778406133b675cfe/behavior
[2025-11-24 08:23:17]   Fetched Successfully
[2025-11-24 08:23:17]   Could not find vendor detection ratio, skipping!
[2025-11-24 08:23:17] Failed to Extract: 106c3f815b13ae45c63a023f6d09cb39c33df03768ec3557778406133b675cfe
[2025-11-24 08:23:20] 
[58/89] Extracting: fee40bafac78ddf07a4ab46a06d65a5f883248e5eaec69a75f737fc58910af41
[2025-11-24 08:23:20]   Scraping Behavior Data for: fee40bafac78ddf07a4ab46a06d65a5f883248e5eaec69a75f737fc58910af41
[2025-11-24 08:23:20]   Fetching Behavior Data for: fee40bafac78ddf07a4ab46a06d65a5f883248e5eaec69a75f737fc58910af41
[2025-11-24 08:23:21] WebDriver Created Successfully
[2025-11-24 08:23:21]   URL: https://www.virustotal.com/gui/file/fee40bafac78ddf07a4ab46a06d65a5f883248e5eaec69a75f737fc58910af41/behavior
[2025-11-24 08:23:29]   Fetched Successfully
[2025-11-24 08:23:29]   Could not find vendor detection ratio, skipping!
[2025-11-24 08:23:29] Failed to Extract: fee40bafac78ddf07a4ab46a06d65a5f883248e5eaec69a75f737fc58910af41
[2025-11-24 08:23:32] 
[59/89] Extracting: f2def223d30d8ab6361a544bd901c2480f42021c6a64c7af61707fcf5fe80603
[2025-11-24 08:23:32]   Scraping Behavior Data for: f2def223d30d8ab6361a544bd901c2480f42021c6a64c7af61707fcf5fe80603
[2025-11-24 08:23:32]   Fetching Behavior Data for: f2def223d30d8ab6361a544bd901c2480f42021c6a64c7af61707fcf5fe80603
[2025-11-24 08:23:34] WebDriver Created Successfully
[2025-11-24 08:23:34]   URL: https://www.virustotal.com/gui/file/f2def223d30d8ab6361a544bd901c2480f42021c6a64c7af61707fcf5fe80603/behavior
[2025-11-24 08:23:42]   Fetched Successfully
[2025-11-24 08:23:42]   Could not find vendor detection ratio, skipping!
[2025-11-24 08:23:42] Failed to Extract: f2def223d30d8ab6361a544bd901c2480f42021c6a64c7af61707fcf5fe80603
[2025-11-24 08:23:45] 
[60/89] Extracting: 7a2aa7939edd72a42eeedb556987deb4a38246cdced8c83886f9cb893394686e
[2025-11-24 08:23:45]   Scraping Behavior Data for: 7a2aa7939edd72a42eeedb556987deb4a38246cdced8c83886f9cb893394686e
[2025-11-24 08:23:45]   Fetching Behavior Data for: 7a2aa7939edd72a42eeedb556987deb4a38246cdced8c83886f9cb893394686e
[2025-11-24 08:23:47] WebDriver Created Successfully
[2025-11-24 08:23:47]   URL: https://www.virustotal.com/gui/file/7a2aa7939edd72a42eeedb556987deb4a38246cdced8c83886f9cb893394686e/behavior
[2025-11-24 08:23:54]   Fetched Successfully
[2025-11-24 08:23:55]   Could not find vendor detection ratio, skipping!
[2025-11-24 08:23:55] Failed to Extract: 7a2aa7939edd72a42eeedb556987deb4a38246cdced8c83886f9cb893394686e
[2025-11-24 08:23:58] 
⏸ Completed Behavior Batch 6/9
[2025-11-24 08:23:58] ⏸ Waiting 5 Minutes Before Next Batch
[2025-11-24 08:23:58]   300 seconds remaining
[2025-11-24 08:24:58]   240 seconds remaining
[2025-11-24 08:25:58]   180 seconds remaining
[2025-11-24 08:26:58]   120 seconds remaining
[2025-11-24 08:27:58]   60 seconds remaining
[2025-11-24 08:28:58] 5 minutes elapsed, continuing

[2025-11-24 08:28:58] 
--- Behavior Batch 7/9 (10 hashes) ---
[2025-11-24 08:28:58] 
[61/89] Extracting: 871b9631ca62e60d887d5bd459e47077a06c06d111730a2fbe8e1f227938eb1b
[2025-11-24 08:28:58]   Scraping Behavior Data for: 871b9631ca62e60d887d5bd459e47077a06c06d111730a2fbe8e1f227938eb1b
[2025-11-24 08:28:58]   Fetching Behavior Data for: 871b9631ca62e60d887d5bd459e47077a06c06d111730a2fbe8e1f227938eb1b
[2025-11-24 08:29:01] WebDriver Created Successfully
[2025-11-24 08:29:01]   URL: https://www.virustotal.com/gui/file/871b9631ca62e60d887d5bd459e47077a06c06d111730a2fbe8e1f227938eb1b/behavior
[2025-11-24 08:29:10]   Fetched Successfully
[2025-11-24 08:29:11]   Vendor Detections for 871b9631ca62e60d887d5bd459e47077a06c06d111730a2fbe8e1f227938eb1b: 51/68
[2025-11-24 08:29:11] Successfully Saved: 871b9631ca62e60d887d5bd459e47077a06c06d111730a2fbe8e1f227938eb1b
[2025-11-24 08:29:14] 
[62/89] Extracting: ed0b869d6f5fcf7a1300e593e64432e8e5160fa15505af5f25acfca135ac603c
[2025-11-24 08:29:14]   Scraping Behavior Data for: ed0b869d6f5fcf7a1300e593e64432e8e5160fa15505af5f25acfca135ac603c
[2025-11-24 08:29:14]   Fetching Behavior Data for: ed0b869d6f5fcf7a1300e593e64432e8e5160fa15505af5f25acfca135ac603c
[2025-11-24 08:29:15] WebDriver Created Successfully
[2025-11-24 08:29:15]   URL: https://www.virustotal.com/gui/file/ed0b869d6f5fcf7a1300e593e64432e8e5160fa15505af5f25acfca135ac603c/behavior
[2025-11-24 08:29:23]   Fetched Successfully
[2025-11-24 08:29:23]   Vendor Detections for ed0b869d6f5fcf7a1300e593e64432e8e5160fa15505af5f25acfca135ac603c: 28/63
[2025-11-24 08:29:23] Failed to Extract: ed0b869d6f5fcf7a1300e593e64432e8e5160fa15505af5f25acfca135ac603c
[2025-11-24 08:29:26] 
[63/89] Extracting: 01b51e4a4c514c6ee8d9c2eb8b888182e24d21e8fd2b228e376a42048cbfe585
[2025-11-24 08:29:26]   Scraping Behavior Data for: 01b51e4a4c514c6ee8d9c2eb8b888182e24d21e8fd2b228e376a42048cbfe585
[2025-11-24 08:29:26]   Fetching Behavior Data for: 01b51e4a4c514c6ee8d9c2eb8b888182e24d21e8fd2b228e376a42048cbfe585
[2025-11-24 08:29:28] WebDriver Created Successfully
[2025-11-24 08:29:28]   URL: https://www.virustotal.com/gui/file/01b51e4a4c514c6ee8d9c2eb8b888182e24d21e8fd2b228e376a42048cbfe585/behavior
[2025-11-24 08:29:37]   Fetched Successfully
[2025-11-24 08:29:37]   Vendor Detections for 01b51e4a4c514c6ee8d9c2eb8b888182e24d21e8fd2b228e376a42048cbfe585: 53/59
[2025-11-24 08:29:37] Successfully Saved: 01b51e4a4c514c6ee8d9c2eb8b888182e24d21e8fd2b228e376a42048cbfe585
[2025-11-24 08:29:40] 
[64/89] Extracting: 4410022f0ecbb686954a2b97f29ab59ba95eac554f96b4bd0aa88467dc684a46
[2025-11-24 08:29:40]   Scraping Behavior Data for: 4410022f0ecbb686954a2b97f29ab59ba95eac554f96b4bd0aa88467dc684a46
[2025-11-24 08:29:40]   Fetching Behavior Data for: 4410022f0ecbb686954a2b97f29ab59ba95eac554f96b4bd0aa88467dc684a46
[2025-11-24 08:29:42] WebDriver Created Successfully
[2025-11-24 08:29:42]   URL: https://www.virustotal.com/gui/file/4410022f0ecbb686954a2b97f29ab59ba95eac554f96b4bd0aa88467dc684a46/behavior
[2025-11-24 08:29:50]   Fetched Successfully
[2025-11-24 08:29:51]   Vendor Detections for 4410022f0ecbb686954a2b97f29ab59ba95eac554f96b4bd0aa88467dc684a46: 49/69
[2025-11-24 08:29:51] Successfully Saved: 4410022f0ecbb686954a2b97f29ab59ba95eac554f96b4bd0aa88467dc684a46
[2025-11-24 08:29:54] 
[65/89] Extracting: b17dd1984c62fc7fa7529c8c553c7d3a3d6ff380debc6ef260d5b73d06a5a9ea
[2025-11-24 08:29:54]   Scraping Behavior Data for: b17dd1984c62fc7fa7529c8c553c7d3a3d6ff380debc6ef260d5b73d06a5a9ea
[2025-11-24 08:29:54]   Fetching Behavior Data for: b17dd1984c62fc7fa7529c8c553c7d3a3d6ff380debc6ef260d5b73d06a5a9ea
[2025-11-24 08:29:56] WebDriver Created Successfully
[2025-11-24 08:29:56]   URL: https://www.virustotal.com/gui/file/b17dd1984c62fc7fa7529c8c553c7d3a3d6ff380debc6ef260d5b73d06a5a9ea/behavior
[2025-11-24 08:30:04]   Fetched Successfully
[2025-11-24 08:30:04]   Vendor Detections for b17dd1984c62fc7fa7529c8c553c7d3a3d6ff380debc6ef260d5b73d06a5a9ea: 25/63
[2025-11-24 08:30:04] Successfully Saved: b17dd1984c62fc7fa7529c8c553c7d3a3d6ff380debc6ef260d5b73d06a5a9ea
[2025-11-24 08:30:07] 
[66/89] Extracting: 4620b0f750ed50bacf8aba33b3dd0f3608b250e02515cf3d203d224b81f52e1e
[2025-11-24 08:30:07]   Scraping Behavior Data for: 4620b0f750ed50bacf8aba33b3dd0f3608b250e02515cf3d203d224b81f52e1e
[2025-11-24 08:30:07]   Fetching Behavior Data for: 4620b0f750ed50bacf8aba33b3dd0f3608b250e02515cf3d203d224b81f52e1e
[2025-11-24 08:30:09] WebDriver Created Successfully
[2025-11-24 08:30:09]   URL: https://www.virustotal.com/gui/file/4620b0f750ed50bacf8aba33b3dd0f3608b250e02515cf3d203d224b81f52e1e/behavior
[2025-11-24 08:30:17]   Fetched Successfully
[2025-11-24 08:30:18]   Vendor Detections for 4620b0f750ed50bacf8aba33b3dd0f3608b250e02515cf3d203d224b81f52e1e: 32/70
[2025-11-24 08:30:18] Successfully Saved: 4620b0f750ed50bacf8aba33b3dd0f3608b250e02515cf3d203d224b81f52e1e
[2025-11-24 08:30:21] 
[67/89] Extracting: 4cc78f8cc4d98752b46457526c516354dfeef3d3094b4bac48a5a53411ffbf29
[2025-11-24 08:30:21]   Scraping Behavior Data for: 4cc78f8cc4d98752b46457526c516354dfeef3d3094b4bac48a5a53411ffbf29
[2025-11-24 08:30:21]   Fetching Behavior Data for: 4cc78f8cc4d98752b46457526c516354dfeef3d3094b4bac48a5a53411ffbf29
[2025-11-24 08:30:23] WebDriver Created Successfully
[2025-11-24 08:30:23]   URL: https://www.virustotal.com/gui/file/4cc78f8cc4d98752b46457526c516354dfeef3d3094b4bac48a5a53411ffbf29/behavior
[2025-11-24 08:30:31]   Fetched Successfully
[2025-11-24 08:30:32]   Vendor Detections for 4cc78f8cc4d98752b46457526c516354dfeef3d3094b4bac48a5a53411ffbf29: 54/67
[2025-11-24 08:30:32] Successfully Saved: 4cc78f8cc4d98752b46457526c516354dfeef3d3094b4bac48a5a53411ffbf29
[2025-11-24 08:30:35] 
[68/89] Extracting: c3d8420f530a7f96e0fba9c5f64f2e3cd3fd83d06b056d9ad72f5ad2314491e3
[2025-11-24 08:30:35]   Scraping Behavior Data for: c3d8420f530a7f96e0fba9c5f64f2e3cd3fd83d06b056d9ad72f5ad2314491e3
[2025-11-24 08:30:35]   Fetching Behavior Data for: c3d8420f530a7f96e0fba9c5f64f2e3cd3fd83d06b056d9ad72f5ad2314491e3
[2025-11-24 08:30:37] WebDriver Created Successfully
[2025-11-24 08:30:37]   URL: https://www.virustotal.com/gui/file/c3d8420f530a7f96e0fba9c5f64f2e3cd3fd83d06b056d9ad72f5ad2314491e3/behavior
[2025-11-24 08:30:44]   Fetched Successfully
[2025-11-24 08:30:45]   Vendor Detections for c3d8420f530a7f96e0fba9c5f64f2e3cd3fd83d06b056d9ad72f5ad2314491e3: 13/62
[2025-11-24 08:30:45] Successfully Saved: c3d8420f530a7f96e0fba9c5f64f2e3cd3fd83d06b056d9ad72f5ad2314491e3
[2025-11-24 08:30:48] 
[69/89] Extracting: c3e2c77b8c1442e1cbc084b8ee9abcf3f1f888f312b58970a1663012466aa1f8
[2025-11-24 08:30:48]   Scraping Behavior Data for: c3e2c77b8c1442e1cbc084b8ee9abcf3f1f888f312b58970a1663012466aa1f8
[2025-11-24 08:30:48]   Fetching Behavior Data for: c3e2c77b8c1442e1cbc084b8ee9abcf3f1f888f312b58970a1663012466aa1f8
[2025-11-24 08:30:49] WebDriver Created Successfully
[2025-11-24 08:30:49]   URL: https://www.virustotal.com/gui/file/c3e2c77b8c1442e1cbc084b8ee9abcf3f1f888f312b58970a1663012466aa1f8/behavior
[2025-11-24 08:30:58]   Fetched Successfully
[2025-11-24 08:30:59]   Vendor Detections for c3e2c77b8c1442e1cbc084b8ee9abcf3f1f888f312b58970a1663012466aa1f8: 23/69
[2025-11-24 08:30:59] Successfully Saved: c3e2c77b8c1442e1cbc084b8ee9abcf3f1f888f312b58970a1663012466aa1f8
[2025-11-24 08:31:02] 
[70/89] Extracting: add91da339861bc355eb8da69946744c386a7e66c1cba77ba9b7dc4c520e67df
[2025-11-24 08:31:02]   Scraping Behavior Data for: add91da339861bc355eb8da69946744c386a7e66c1cba77ba9b7dc4c520e67df
[2025-11-24 08:31:02]   Fetching Behavior Data for: add91da339861bc355eb8da69946744c386a7e66c1cba77ba9b7dc4c520e67df
[2025-11-24 08:31:05] WebDriver Created Successfully
[2025-11-24 08:31:05]   URL: https://www.virustotal.com/gui/file/add91da339861bc355eb8da69946744c386a7e66c1cba77ba9b7dc4c520e67df/behavior
[2025-11-24 08:31:13]   Fetched Successfully
[2025-11-24 08:31:14]   Vendor Detections for add91da339861bc355eb8da69946744c386a7e66c1cba77ba9b7dc4c520e67df: 18/62
[2025-11-24 08:31:14] Successfully Saved: add91da339861bc355eb8da69946744c386a7e66c1cba77ba9b7dc4c520e67df
[2025-11-24 08:31:17] 
⏸ Completed Behavior Batch 7/9
[2025-11-24 08:31:17] ⏸ Waiting 5 Minutes Before Next Batch
[2025-11-24 08:31:17]   300 seconds remaining
[2025-11-24 08:32:17]   240 seconds remaining
[2025-11-24 08:33:17]   180 seconds remaining
[2025-11-24 08:34:18]   120 seconds remaining
[2025-11-24 08:35:18]   60 seconds remaining
[2025-11-24 08:36:18] 5 minutes elapsed, continuing

[2025-11-24 08:36:18] 
--- Behavior Batch 8/9 (10 hashes) ---
[2025-11-24 08:36:18] 
[71/89] Extracting: 29589733de744d4a2d3afc7c7797a2d11633ba0d338d614a7917a757b03f2f86
[2025-11-24 08:36:18]   Scraping Behavior Data for: 29589733de744d4a2d3afc7c7797a2d11633ba0d338d614a7917a757b03f2f86
[2025-11-24 08:36:18]   Fetching Behavior Data for: 29589733de744d4a2d3afc7c7797a2d11633ba0d338d614a7917a757b03f2f86
[2025-11-24 08:36:21] WebDriver Created Successfully
[2025-11-24 08:36:21]   URL: https://www.virustotal.com/gui/file/29589733de744d4a2d3afc7c7797a2d11633ba0d338d614a7917a757b03f2f86/behavior
[2025-11-24 08:36:29]   Fetched Successfully
[2025-11-24 08:36:30]   Vendor Detections for 29589733de744d4a2d3afc7c7797a2d11633ba0d338d614a7917a757b03f2f86: 66/71
[2025-11-24 08:36:30] Successfully Saved: 29589733de744d4a2d3afc7c7797a2d11633ba0d338d614a7917a757b03f2f86
[2025-11-24 08:36:33] 
[72/89] Extracting: b03a064f1ff98daecdebf387464a06565549a057949a13e1fd23330514874d2e
[2025-11-24 08:36:33]   Scraping Behavior Data for: b03a064f1ff98daecdebf387464a06565549a057949a13e1fd23330514874d2e
[2025-11-24 08:36:33]   Fetching Behavior Data for: b03a064f1ff98daecdebf387464a06565549a057949a13e1fd23330514874d2e
[2025-11-24 08:36:34] WebDriver Created Successfully
[2025-11-24 08:36:34]   URL: https://www.virustotal.com/gui/file/b03a064f1ff98daecdebf387464a06565549a057949a13e1fd23330514874d2e/behavior
[2025-11-24 08:36:44]   Fetched Successfully
[2025-11-24 08:36:44]   Vendor Detections for b03a064f1ff98daecdebf387464a06565549a057949a13e1fd23330514874d2e: 46/65
[2025-11-24 08:36:44] Successfully Saved: b03a064f1ff98daecdebf387464a06565549a057949a13e1fd23330514874d2e
[2025-11-24 08:36:47] 
[73/89] Extracting: 281eced5dcc571bf7752573b6083f64e359ff5fdf688c7b5417bda8ae4201c16
[2025-11-24 08:36:47]   Scraping Behavior Data for: 281eced5dcc571bf7752573b6083f64e359ff5fdf688c7b5417bda8ae4201c16
[2025-11-24 08:36:47]   Fetching Behavior Data for: 281eced5dcc571bf7752573b6083f64e359ff5fdf688c7b5417bda8ae4201c16
[2025-11-24 08:36:49] WebDriver Created Successfully
[2025-11-24 08:36:49]   URL: https://www.virustotal.com/gui/file/281eced5dcc571bf7752573b6083f64e359ff5fdf688c7b5417bda8ae4201c16/behavior
[2025-11-24 08:37:00]   Fetched Successfully
[2025-11-24 08:37:01]   Vendor Detections for 281eced5dcc571bf7752573b6083f64e359ff5fdf688c7b5417bda8ae4201c16: 59/67
[2025-11-24 08:37:01] Successfully Saved: 281eced5dcc571bf7752573b6083f64e359ff5fdf688c7b5417bda8ae4201c16
[2025-11-24 08:37:04] 
[74/89] Extracting: 717543a503ecf9079ce4e3bcdf563c2347ceac307f1d438c6b21885b8df3c589
[2025-11-24 08:37:04]   Scraping Behavior Data for: 717543a503ecf9079ce4e3bcdf563c2347ceac307f1d438c6b21885b8df3c589
[2025-11-24 08:37:04]   Fetching Behavior Data for: 717543a503ecf9079ce4e3bcdf563c2347ceac307f1d438c6b21885b8df3c589
[2025-11-24 08:37:06] WebDriver Created Successfully
[2025-11-24 08:37:06]   URL: https://www.virustotal.com/gui/file/717543a503ecf9079ce4e3bcdf563c2347ceac307f1d438c6b21885b8df3c589/behavior
[2025-11-24 08:37:14]   Fetched Successfully
[2025-11-24 08:37:14]   Vendor Detections for 717543a503ecf9079ce4e3bcdf563c2347ceac307f1d438c6b21885b8df3c589: 66/72
[2025-11-24 08:37:14] Successfully Saved: 717543a503ecf9079ce4e3bcdf563c2347ceac307f1d438c6b21885b8df3c589
[2025-11-24 08:37:17] 
[75/89] Extracting: 2bd87e9554f51fe80ebf48480ee003c7c3594fe3045256e413d896b86fad8591
[2025-11-24 08:37:17]   Scraping Behavior Data for: 2bd87e9554f51fe80ebf48480ee003c7c3594fe3045256e413d896b86fad8591
[2025-11-24 08:37:17]   Fetching Behavior Data for: 2bd87e9554f51fe80ebf48480ee003c7c3594fe3045256e413d896b86fad8591
[2025-11-24 08:37:18] WebDriver Created Successfully
[2025-11-24 08:37:18]   URL: https://www.virustotal.com/gui/file/2bd87e9554f51fe80ebf48480ee003c7c3594fe3045256e413d896b86fad8591/behavior
[2025-11-24 08:37:26]   Fetched Successfully
[2025-11-24 08:37:26]   Vendor Detections for 2bd87e9554f51fe80ebf48480ee003c7c3594fe3045256e413d896b86fad8591: 36/63
[2025-11-24 08:37:26] Successfully Saved: 2bd87e9554f51fe80ebf48480ee003c7c3594fe3045256e413d896b86fad8591
[2025-11-24 08:37:29] 
[76/89] Extracting: bd294988b105332f922819984c7a132acdd40d5bef0db066d072567ce40d7ecd
[2025-11-24 08:37:29]   Scraping Behavior Data for: bd294988b105332f922819984c7a132acdd40d5bef0db066d072567ce40d7ecd
[2025-11-24 08:37:29]   Fetching Behavior Data for: bd294988b105332f922819984c7a132acdd40d5bef0db066d072567ce40d7ecd
[2025-11-24 08:37:31] WebDriver Created Successfully
[2025-11-24 08:37:31]   URL: https://www.virustotal.com/gui/file/bd294988b105332f922819984c7a132acdd40d5bef0db066d072567ce40d7ecd/behavior
[2025-11-24 08:37:40]   Fetched Successfully
[2025-11-24 08:37:40]   Vendor Detections for bd294988b105332f922819984c7a132acdd40d5bef0db066d072567ce40d7ecd: 35/63
[2025-11-24 08:37:40] Successfully Saved: bd294988b105332f922819984c7a132acdd40d5bef0db066d072567ce40d7ecd
[2025-11-24 08:37:43] 
[77/89] Extracting: 63db2355a7bac3041f68665849fb61987d4f8084d1b7b25a0850bf458ce41f95
[2025-11-24 08:37:43]   Scraping Behavior Data for: 63db2355a7bac3041f68665849fb61987d4f8084d1b7b25a0850bf458ce41f95
[2025-11-24 08:37:43]   Fetching Behavior Data for: 63db2355a7bac3041f68665849fb61987d4f8084d1b7b25a0850bf458ce41f95
[2025-11-24 08:37:44] WebDriver Created Successfully
[2025-11-24 08:37:44]   URL: https://www.virustotal.com/gui/file/63db2355a7bac3041f68665849fb61987d4f8084d1b7b25a0850bf458ce41f95/behavior
[2025-11-24 08:37:52]   Fetched Successfully
[2025-11-24 08:37:53]   Vendor Detections for 63db2355a7bac3041f68665849fb61987d4f8084d1b7b25a0850bf458ce41f95: 48/57
[2025-11-24 08:37:53] Successfully Saved: 63db2355a7bac3041f68665849fb61987d4f8084d1b7b25a0850bf458ce41f95
[2025-11-24 08:37:56] 
[78/89] Extracting: 501d66b202d2f77e0eb74deb7f67db9335695b81e7836d946976fe2402a9e171
[2025-11-24 08:37:56]   Scraping Behavior Data for: 501d66b202d2f77e0eb74deb7f67db9335695b81e7836d946976fe2402a9e171
[2025-11-24 08:37:56]   Fetching Behavior Data for: 501d66b202d2f77e0eb74deb7f67db9335695b81e7836d946976fe2402a9e171
[2025-11-24 08:37:57] WebDriver Created Successfully
[2025-11-24 08:37:57]   URL: https://www.virustotal.com/gui/file/501d66b202d2f77e0eb74deb7f67db9335695b81e7836d946976fe2402a9e171/behavior
[2025-11-24 08:38:05]   Fetched Successfully
[2025-11-24 08:38:05]   Vendor Detections for 501d66b202d2f77e0eb74deb7f67db9335695b81e7836d946976fe2402a9e171: 51/68
[2025-11-24 08:38:05] Successfully Saved: 501d66b202d2f77e0eb74deb7f67db9335695b81e7836d946976fe2402a9e171
[2025-11-24 08:38:08] 
[79/89] Extracting: bef894e294ef5c1f544b33898e30eea390db88bfd752bb30c651ab0c52bef1a7
[2025-11-24 08:38:08]   Scraping Behavior Data for: bef894e294ef5c1f544b33898e30eea390db88bfd752bb30c651ab0c52bef1a7
[2025-11-24 08:38:08]   Fetching Behavior Data for: bef894e294ef5c1f544b33898e30eea390db88bfd752bb30c651ab0c52bef1a7
[2025-11-24 08:38:10] WebDriver Created Successfully
[2025-11-24 08:38:10]   URL: https://www.virustotal.com/gui/file/bef894e294ef5c1f544b33898e30eea390db88bfd752bb30c651ab0c52bef1a7/behavior
[2025-11-24 08:38:18]   Fetched Successfully
[2025-11-24 08:38:18]   Vendor Detections for bef894e294ef5c1f544b33898e30eea390db88bfd752bb30c651ab0c52bef1a7: 42/61
[2025-11-24 08:38:18] Successfully Saved: bef894e294ef5c1f544b33898e30eea390db88bfd752bb30c651ab0c52bef1a7
[2025-11-24 08:38:21] 
[80/89] Extracting: 5ddd0a6baacebde213217a0331b0deeec1fcbfab4103491252ca83b8b5bfce0e
[2025-11-24 08:38:21]   Scraping Behavior Data for: 5ddd0a6baacebde213217a0331b0deeec1fcbfab4103491252ca83b8b5bfce0e
[2025-11-24 08:38:21]   Fetching Behavior Data for: 5ddd0a6baacebde213217a0331b0deeec1fcbfab4103491252ca83b8b5bfce0e
[2025-11-24 08:38:23] WebDriver Created Successfully
[2025-11-24 08:38:23]   URL: https://www.virustotal.com/gui/file/5ddd0a6baacebde213217a0331b0deeec1fcbfab4103491252ca83b8b5bfce0e/behavior
[2025-11-24 08:38:31]   Fetched Successfully
[2025-11-24 08:38:31]   Vendor Detections for 5ddd0a6baacebde213217a0331b0deeec1fcbfab4103491252ca83b8b5bfce0e: 59/67
[2025-11-24 08:38:31] Successfully Saved: 5ddd0a6baacebde213217a0331b0deeec1fcbfab4103491252ca83b8b5bfce0e
[2025-11-24 08:38:34] 
⏸ Completed Behavior Batch 8/9
[2025-11-24 08:38:34] ⏸ Waiting 5 Minutes Before Next Batch
[2025-11-24 08:38:34]   300 seconds remaining
[2025-11-24 08:39:34]   240 seconds remaining
[2025-11-24 08:40:35]   180 seconds remaining
[2025-11-24 08:41:35]   120 seconds remaining
[2025-11-24 08:42:35]   60 seconds remaining
[2025-11-24 08:43:35] 5 minutes elapsed, continuing

[2025-11-24 08:43:35] 
--- Behavior Batch 9/9 (9 hashes) ---
[2025-11-24 08:43:35] 
[81/89] Extracting: ef9412d597882094b529334dc62998f68640ead5258df591adc7f9bd94457465
[2025-11-24 08:43:35]   Scraping Behavior Data for: ef9412d597882094b529334dc62998f68640ead5258df591adc7f9bd94457465
[2025-11-24 08:43:35]   Fetching Behavior Data for: ef9412d597882094b529334dc62998f68640ead5258df591adc7f9bd94457465
[2025-11-24 08:43:39] WebDriver Created Successfully
[2025-11-24 08:43:39]   URL: https://www.virustotal.com/gui/file/ef9412d597882094b529334dc62998f68640ead5258df591adc7f9bd94457465/behavior
[2025-11-24 08:43:47]   Fetched Successfully
[2025-11-24 08:43:48]   Vendor Detections for ef9412d597882094b529334dc62998f68640ead5258df591adc7f9bd94457465: 44/59
[2025-11-24 08:43:48] Successfully Saved: ef9412d597882094b529334dc62998f68640ead5258df591adc7f9bd94457465
[2025-11-24 08:43:51] 
[82/89] Extracting: cfd0772020038847857d4feebdfb1758d0eeddc95884b7dcc113afeb3934ba5f
[2025-11-24 08:43:51]   Scraping Behavior Data for: cfd0772020038847857d4feebdfb1758d0eeddc95884b7dcc113afeb3934ba5f
[2025-11-24 08:43:51]   Fetching Behavior Data for: cfd0772020038847857d4feebdfb1758d0eeddc95884b7dcc113afeb3934ba5f
[2025-11-24 08:43:53] WebDriver Created Successfully
[2025-11-24 08:43:53]   URL: https://www.virustotal.com/gui/file/cfd0772020038847857d4feebdfb1758d0eeddc95884b7dcc113afeb3934ba5f/behavior
[2025-11-24 08:44:01]   Fetched Successfully
[2025-11-24 08:44:01]   Vendor Detections for cfd0772020038847857d4feebdfb1758d0eeddc95884b7dcc113afeb3934ba5f: 58/70
[2025-11-24 08:44:01] Successfully Saved: cfd0772020038847857d4feebdfb1758d0eeddc95884b7dcc113afeb3934ba5f
[2025-11-24 08:44:04] 
[83/89] Extracting: 09c4641feea6d8c09f8a9b7b13819172820ef08653758cc14bb2e7fafbf86cc3
[2025-11-24 08:44:04]   Scraping Behavior Data for: 09c4641feea6d8c09f8a9b7b13819172820ef08653758cc14bb2e7fafbf86cc3
[2025-11-24 08:44:04]   Fetching Behavior Data for: 09c4641feea6d8c09f8a9b7b13819172820ef08653758cc14bb2e7fafbf86cc3
[2025-11-24 08:44:06] WebDriver Created Successfully
[2025-11-24 08:44:06]   URL: https://www.virustotal.com/gui/file/09c4641feea6d8c09f8a9b7b13819172820ef08653758cc14bb2e7fafbf86cc3/behavior
[2025-11-24 08:44:14]   Fetched Successfully
[2025-11-24 08:44:15]   Could not find vendor detection ratio, skipping!
[2025-11-24 08:44:15] Failed to Extract: 09c4641feea6d8c09f8a9b7b13819172820ef08653758cc14bb2e7fafbf86cc3
[2025-11-24 08:44:18] 
[84/89] Extracting: cd4377157eec9fd794514e4ba53d7e8632514b2d89407de9717af1d68710b3b6
[2025-11-24 08:44:18]   Scraping Behavior Data for: cd4377157eec9fd794514e4ba53d7e8632514b2d89407de9717af1d68710b3b6
[2025-11-24 08:44:18]   Fetching Behavior Data for: cd4377157eec9fd794514e4ba53d7e8632514b2d89407de9717af1d68710b3b6
[2025-11-24 08:44:20] WebDriver Created Successfully
[2025-11-24 08:44:20]   URL: https://www.virustotal.com/gui/file/cd4377157eec9fd794514e4ba53d7e8632514b2d89407de9717af1d68710b3b6/behavior
[2025-11-24 08:44:28]   Fetched Successfully
[2025-11-24 08:44:28]   Vendor Detections for cd4377157eec9fd794514e4ba53d7e8632514b2d89407de9717af1d68710b3b6: 63/70
[2025-11-24 08:44:28] Successfully Saved: cd4377157eec9fd794514e4ba53d7e8632514b2d89407de9717af1d68710b3b6
[2025-11-24 08:44:31] 
[85/89] Extracting: 4beda23665a9c263ea8d7125c836a162d1d739bc5c910b793df6d6b3b3d2c3fb
[2025-11-24 08:44:31]   Scraping Behavior Data for: 4beda23665a9c263ea8d7125c836a162d1d739bc5c910b793df6d6b3b3d2c3fb
[2025-11-24 08:44:31]   Fetching Behavior Data for: 4beda23665a9c263ea8d7125c836a162d1d739bc5c910b793df6d6b3b3d2c3fb
[2025-11-24 08:44:33] WebDriver Created Successfully
[2025-11-24 08:44:33]   URL: https://www.virustotal.com/gui/file/4beda23665a9c263ea8d7125c836a162d1d739bc5c910b793df6d6b3b3d2c3fb/behavior
[2025-11-24 08:44:41]   Fetched Successfully
[2025-11-24 08:44:41]   Vendor Detections for 4beda23665a9c263ea8d7125c836a162d1d739bc5c910b793df6d6b3b3d2c3fb: 53/67
[2025-11-24 08:44:41] Successfully Saved: 4beda23665a9c263ea8d7125c836a162d1d739bc5c910b793df6d6b3b3d2c3fb
[2025-11-24 08:44:44] 
[86/89] Extracting: c098864e101fb7710c9200e6531124d1f47111989454be017205e0ac75e9887b
[2025-11-24 08:44:44]   Scraping Behavior Data for: c098864e101fb7710c9200e6531124d1f47111989454be017205e0ac75e9887b
[2025-11-24 08:44:44]   Fetching Behavior Data for: c098864e101fb7710c9200e6531124d1f47111989454be017205e0ac75e9887b
[2025-11-24 08:44:46] WebDriver Created Successfully
[2025-11-24 08:44:46]   URL: https://www.virustotal.com/gui/file/c098864e101fb7710c9200e6531124d1f47111989454be017205e0ac75e9887b/behavior
[2025-11-24 08:44:54]   Fetched Successfully
[2025-11-24 08:44:54]   Vendor Detections for c098864e101fb7710c9200e6531124d1f47111989454be017205e0ac75e9887b: 62/65
[2025-11-24 08:44:54] Successfully Saved: c098864e101fb7710c9200e6531124d1f47111989454be017205e0ac75e9887b
[2025-11-24 08:44:57] 
[87/89] Extracting: 9627415eafc3be2756d73b4440372fc99e99e25cd53c012ffccdc5d35ce0f70b
[2025-11-24 08:44:57]   Scraping Behavior Data for: 9627415eafc3be2756d73b4440372fc99e99e25cd53c012ffccdc5d35ce0f70b
[2025-11-24 08:44:57]   Fetching Behavior Data for: 9627415eafc3be2756d73b4440372fc99e99e25cd53c012ffccdc5d35ce0f70b
[2025-11-24 08:44:59] WebDriver Created Successfully
[2025-11-24 08:44:59]   URL: https://www.virustotal.com/gui/file/9627415eafc3be2756d73b4440372fc99e99e25cd53c012ffccdc5d35ce0f70b/behavior
[2025-11-24 08:45:07]   Fetched Successfully
[2025-11-24 08:45:08]   Vendor Detections for 9627415eafc3be2756d73b4440372fc99e99e25cd53c012ffccdc5d35ce0f70b: 2/60
[2025-11-24 08:45:08] Successfully Saved: 9627415eafc3be2756d73b4440372fc99e99e25cd53c012ffccdc5d35ce0f70b
[2025-11-24 08:45:11] 
[88/89] Extracting: c54c78b0605b256c90ead23916267a4935f796d2837cbe4549130a1f2096c976
[2025-11-24 08:45:11]   Scraping Behavior Data for: c54c78b0605b256c90ead23916267a4935f796d2837cbe4549130a1f2096c976
[2025-11-24 08:45:11]   Fetching Behavior Data for: c54c78b0605b256c90ead23916267a4935f796d2837cbe4549130a1f2096c976
[2025-11-24 08:45:12] WebDriver Created Successfully
[2025-11-24 08:45:12]   URL: https://www.virustotal.com/gui/file/c54c78b0605b256c90ead23916267a4935f796d2837cbe4549130a1f2096c976/behavior
[2025-11-24 08:45:21]   Fetched Successfully
[2025-11-24 08:45:21]   Vendor Detections for c54c78b0605b256c90ead23916267a4935f796d2837cbe4549130a1f2096c976: 63/70
[2025-11-24 08:45:21] Successfully Saved: c54c78b0605b256c90ead23916267a4935f796d2837cbe4549130a1f2096c976
[2025-11-24 08:45:24] 
[89/89] Extracting: 6d1afc710c0c76a1710688f2710295019f2ea1c50841db89b9f04394a6b4f6c5
[2025-11-24 08:45:24]   Scraping Behavior Data for: 6d1afc710c0c76a1710688f2710295019f2ea1c50841db89b9f04394a6b4f6c5
[2025-11-24 08:45:24]   Fetching Behavior Data for: 6d1afc710c0c76a1710688f2710295019f2ea1c50841db89b9f04394a6b4f6c5
[2025-11-24 08:45:26] WebDriver Created Successfully
[2025-11-24 08:45:26]   URL: https://www.virustotal.com/gui/file/6d1afc710c0c76a1710688f2710295019f2ea1c50841db89b9f04394a6b4f6c5/behavior
[2025-11-24 08:45:35]   Fetched Successfully
[2025-11-24 08:45:36]   Vendor Detections for 6d1afc710c0c76a1710688f2710295019f2ea1c50841db89b9f04394a6b4f6c5: 49/54
[2025-11-24 08:45:36] Successfully Saved: 6d1afc710c0c76a1710688f2710295019f2ea1c50841db89b9f04394a6b4f6c5
[2025-11-24 08:45:39] 
Total Behavior Data Extracted: 73/89
[2025-11-24 08:45:39] 
================================================================================
[2025-11-24 08:45:39] STEP 9: Generating Comparison Report
[2025-11-24 08:45:39] ================================================================================
[2025-11-24 08:45:39] Report Saved to Data/Sample/1_IOC/scan_report_2025-11-24_08-45-39.266263.txt
[2025-11-24 08:45:39] 
================================================================================
[2025-11-24 08:45:39] STEP 10: Cleaning IOC File - Removing Entries with No Behavior Data
[2025-11-24 08:45:39] ================================================================================
[2025-11-24 08:45:39] Cleaned IOC File: Removed 0 duplicate entries, kept 122 unique hashes.
[2025-11-24 08:45:39] 
================================================================================
[2025-11-24 08:45:39] SCAN CYCLE COMPLETE
[2025-11-24 08:45:39] ================================================================================
[2025-11-24 08:45:39] 
================================================================================
[2025-11-24 08:45:39] EXITING - Scan cycle completed successfully!
[2025-11-24 08:45:39] ================================================================================
